Workbook
Name AnalyteList: DB_04[分析項目]
Name EnableList: EnableOptions[啟用]
Name MediaList: MediaCodes[介質]
Name SampleIDList: Samples[樣品編號]
Name SamplingMethodList: SamplingMethods[採樣方法]
Name StandardStatusList: StandardStatuses[核對狀態]
Name StandardVersionList: VersionCodes[版本代碼]
Name StationList: DB_03[監測點]
Name UnitList: UnitCodes[單位]

Sheet 00_使用說明
B2: 監測資料庫 v3.4｜完整計算效能優化版
B4: 場址設定 | C4: 整本活頁簿共用一個場址
B5: 場址名稱 | C5: 合成示範場址A（非實測） | D5: 場址名稱只在本頁維護。
B7: 操作順序 | C7: 藍色欄輸入資料；灰色欄即時計算。新增時使用表格列。
B8: 1. 建立點位與樣品 | C8: 先在 03 建立點位，再到 01 登錄樣品。點位與樣品選單直接引用資料表，新增表格列會同步延伸。
B9: 2. 輸入檢測結果 | C9: 02 的 H 欄選取樣品，A:D 填寫分析結果。E:G 自動帶入點位、日期與解析值；QA/QC 隨同一列延伸。
B10: 3. 檢查資料 | C10: 07 的 C3 選擇標準、C6 輸入結果序號；02 右側 Y:AG 可篩選全部 QA/QC 判讀。
B12: 目前資料 | C12: 由輸入資料自動更新
B13: 結果筆數 | C13: =COUNTA(Results[原始值])
B14: 樣品數 | C14: =COUNTA(Samples[樣品編號])
B15: NA／未解析結果 | C15: =COUNTA(Results[原始值])-COUNT(Results[解析值])
B16: ND結果筆數 | C16: =COUNTIF(Results[限定符],"ND")
B17: 可解析結果 | C17: =COUNT(Results[解析值])
B19: 使用規則
B20: 欄位顏色 | C20: 藍色＝手動維護；灰色＝公式計算。保留 2025/01–06 實測紀錄；另含六筆標示為合成範例的土壤資料。
B21: 法規標準 | C21: 05頁含土壤39項、地下水50項完整管制項目，並納入監測門檻。地下水第一／二類與土壤一般／食用作物農地分開建檔。
B22: NA與ND | C22: ND解析為0；<或≤界限解析為界限/2；NA與空白不轉0。原始值保留。
B23: 新標準版本 | C23: 在07_QAQC的C3選擇比較版本；目前沿用來源主要門檻對應的地下水第二類。不同介質與類別須選其適用版本。
B24: 容量與新增資料 | C24: 依實際資料列計算，不預填上萬空白列。新增結果請在資料表末列按 Tab 或插入表格列。
B25: 批次新增資料 | C25: 先新增足夠的表格列，再貼入輸入欄。不要覆蓋公式；保持 Excel 自動計算，並啟用自動填入表格公式。
B26: 解析值單位 | C26: G欄解析值沿用結果單位；QA/QC另做標準單位換算，標準比較依原始值。
B27: 井深定義 | C27: 井深與篩管深度以井口向下為正；絕對高程獨立記錄。
B28: 新增介質 | C28: 在04_測項與清單的T欄介質表末格按Tab新增一列，再填入名稱。四處選單會同步更新。
B29: 主檔與清單 | C29: 樣品名稱採「監測點_YYYYMMDD」，以值填入 A 欄；02 的 H 欄選單直接引用樣品資料表。
B30: 深度欄位 | C30: 樣品登錄F欄：土壤為深度起，地下水為水位（井口向下為正）；採樣深度另填E欄。
B31: 繪圖欄位 | C31: 篩選 02 的測項、單位與點位查看結果；展開右側 QA/QC 可檢查格式、重複、單位及標準判讀。

Sheet 01_樣品登錄
A1: 樣品編號 | B1: 監測點 | C1: 採樣日期 | D1: 採樣說明 | E1: 採樣深度(m) | F1: 深度起(m) | G1: 深度迄(m) | H1: 採樣方法 | I1: 採樣單位 | J1: 檢測單位 | K1: 備註 | L1: 介質 | M1: 樣品檢查 | N1: 樣品重複筆數
A2: BH01-S_20260115_01 | B2: BH01-S | C2: 46037 | D2: Campaign 1 | E2: 0.5 | F2: 0 | G2: 1 | H2: 其他 | I2: 合成範例 | J2: 合成範例 | K2: 合成資料；來源 examples/demo/samples.csv；BH01-soil-1-1 | L2: =IF(B2="","",IF(COUNTIF(DB_03[監測點],B2)=1,INDEX(DB_03[預設介質],MATCH(B2,DB_03[監測點],0)),"")) | M2: =IF(COUNTA(A2:K2)=0,"",IF(A2="","缺樣品編號；","")&IF(AND(A2<>"",N2>1),"樣品編號重複；","")&IF(COUNTIFS(DB_03[監測點],B2,DB_03[預設介質],L2,DB_03[啟用],"是")<>1,"點位或介質待核；","")&IF(NOT(ISNUMBER(C2)),"缺採樣日期；","")&IF(AND(L2="土壤",OR(NOT(ISNUMBER(F2)),NOT(ISNUMBER(G2)))),"缺土壤深度；","")&IF(AND(L2="土壤",ISNUMBER(F2),ISNUMBER(G2),OR(F2>G2,F2<0)),"土壤深度起迄錯誤；","")&IF(AND(L2="地下水",F2<>"",NOT(ISNUMBER(F2))),"水位須為數值；","")&IF(AND(L2="地下水",H2=""),"缺採樣方法；","")&IF(AND(B2<>"",L2=""),"監測點未建或重複；","")) | N2: =IF(A2="","",COUNTIF(Samples[樣品編號],A2))
A3: BH01-W_20260115_01 | B3: BH01-W | C3: 46037 | D3: Campaign 1 | E3: 0.5 | F3: 0.2 | H3: 微洗井 | I3: 合成範例 | J3: 合成範例 | K3: 合成資料；來源 examples/demo/samples.csv；BH01-groundwater-1-1 | L3: =IF(B3="","",IF(COUNTIF(DB_03[監測點],B3)=1,INDEX(DB_03[預設介質],MATCH(B3,DB_03[監測點],0)),"")) | M3: =IF(COUNTA(A3:K3)=0,"",IF(A3="","缺樣品編號；","")&IF(AND(A3<>"",N3>1),"樣品編號重複；","")&IF(COUNTIFS(DB_03[監測點],B3,DB_03[預設介質],L3,DB_03[啟用],"是")<>1,"點位或介質待核；","")&IF(NOT(ISNUMBER(C3)),"缺採樣日期；","")&IF(AND(L3="土壤",OR(NOT(ISNUMBER(F3)),NOT(ISNUMBER(G3)))),"缺土壤深度；","")&IF(AND(L3="土壤",ISNUMBER(F3),ISNUMBER(G3),OR(F3>G3,F3<0)),"土壤深度起迄錯誤；","")&IF(AND(L3="地下水",F3<>"",NOT(ISNUMBER(F3))),"水位須為數值；","")&IF(AND(L3="地下水",H3=""),"缺採樣方法；","")&IF(AND(B3<>"",L3=""),"監測點未建或重複；","")) | N3: =IF(A3="","",COUNTIF(Samples[樣品編號],A3))
A4: BH01-S_20260115_02 | B4: BH01-S | C4: 46037 | D4: Campaign 1 | E4: 1.5 | F4: 1 | G4: 2 | H4: 其他 | I4: 合成範例 | J4: 合成範例 | K4: 合成資料；來源 examples/demo/samples.csv；BH01-soil-1-2 | L4: =IF(B4="","",IF(COUNTIF(DB_03[監測點],B4)=1,INDEX(DB_03[預設介質],MATCH(B4,DB_03[監測點],0)),"")) | M4: =IF(COUNTA(A4:K4)=0,"",IF(A4="","缺樣品編號；","")&IF(AND(A4<>"",N4>1),"樣品編號重複；","")&IF(COUNTIFS(DB_03[監測點],B4,DB_03[預設介質],L4,DB_03[啟用],"是")<>1,"點位或介質待核；","")&IF(NOT(ISNUMBER(C4)),"缺採樣日期；","")&IF(AND(L4="土壤",OR(NOT(ISNUMBER(F4)),NOT(ISNUMBER(G4)))),"缺土壤深度；","")&IF(AND(L4="土壤",ISNUMBER(F4),ISNUMBER(G4),OR(F4>G4,F4<0)),"土壤深度起迄錯誤；","")&IF(AND(L4="地下水",F4<>"",NOT(ISNUMBER(F4))),"水位須為數值；","")&IF(AND(L4="地下水",H4=""),"缺採樣方法；","")&IF(AND(B4<>"",L4=""),"監測點未建或重複；","")) | N4: =IF(A4="","",COUNTIF(Samples[樣品編號],A4))
A5: BH01-W_20260115_02 | B5: BH01-W | C5: 46037 | D5: Campaign 1 | E5: 1.5 | H5: 微洗井 | I5: 合成範例 | J5: 合成範例 | K5: 合成資料；來源 examples/demo/samples.csv；BH01-groundwater-1-2 | L5: =IF(B5="","",IF(COUNTIF(DB_03[監測點],B5)=1,INDEX(DB_03[預設介質],MATCH(B5,DB_03[監測點],0)),"")) | M5: =IF(COUNTA(A5:K5)=0,"",IF(A5="","缺樣品編號；","")&IF(AND(A5<>"",N5>1),"樣品編號重複；","")&IF(COUNTIFS(DB_03[監測點],B5,DB_03[預設介質],L5,DB_03[啟用],"是")<>1,"點位或介質待核；","")&IF(NOT(ISNUMBER(C5)),"缺採樣日期；","")&IF(AND(L5="土壤",OR(NOT(ISNUMBER(F5)),NOT(ISNUMBER(G5)))),"缺土壤深度；","")&IF(AND(L5="土壤",ISNUMBER(F5),ISNUMBER(G5),OR(F5>G5,F5<0)),"土壤深度起迄錯誤；","")&IF(AND(L5="地下水",F5<>"",NOT(ISNUMBER(F5))),"水位須為數值；","")&IF(AND(L5="地下水",H5=""),"缺採樣方法；","")&IF(AND(B5<>"",L5=""),"監測點未建或重複；","")) | N5: =IF(A5="","",COUNTIF(Samples[樣品編號],A5))
A6: BH01-S_20260115_03 | B6: BH01-S | C6: 46037 | D6: Campaign 1 | E6: 2.5 | F6: 2 | G6: 3 | H6: 其他 | I6: 合成範例 | J6: 合成範例 | K6: 合成資料；來源 examples/demo/samples.csv；BH01-soil-1-3 | L6: =IF(B6="","",IF(COUNTIF(DB_03[監測點],B6)=1,INDEX(DB_03[預設介質],MATCH(B6,DB_03[監測點],0)),"")) | M6: =IF(COUNTA(A6:K6)=0,"",IF(A6="","缺樣品編號；","")&IF(AND(A6<>"",N6>1),"樣品編號重複；","")&IF(COUNTIFS(DB_03[監測點],B6,DB_03[預設介質],L6,DB_03[啟用],"是")<>1,"點位或介質待核；","")&IF(NOT(ISNUMBER(C6)),"缺採樣日期；","")&IF(AND(L6="土壤",OR(NOT(ISNUMBER(F6)),NOT(ISNUMBER(G6)))),"缺土壤深度；","")&IF(AND(L6="土壤",ISNUMBER(F6),ISNUMBER(G6),OR(F6>G6,F6<0)),"土壤深度起迄錯誤；","")&IF(AND(L6="地下水",F6<>"",NOT(ISNUMBER(F6))),"水位須為數值；","")&IF(AND(L6="地下水",H6=""),"缺採樣方法；","")&IF(AND(B6<>"",L6=""),"監測點未建或重複；","")) | N6: =IF(A6="","",COUNTIF(Samples[樣品編號],A6))
A7: BH01-W_20260115_03 | B7: BH01-W | C7: 46037 | D7: Campaign 1 | E7: 2.5 | H7: 微洗井 | I7: 合成範例 | J7: 合成範例 | K7: 合成資料；來源 examples/demo/samples.csv；BH01-groundwater-1-3 | L7: =IF(B7="","",IF(COUNTIF(DB_03[監測點],B7)=1,INDEX(DB_03[預設介質],MATCH(B7,DB_03[監測點],0)),"")) | M7: =IF(COUNTA(A7:K7)=0,"",IF(A7="","缺樣品編號；","")&IF(AND(A7<>"",N7>1),"樣品編號重複；","")&IF(COUNTIFS(DB_03[監測點],B7,DB_03[預設介質],L7,DB_03[啟用],"是")<>1,"點位或介質待核；","")&IF(NOT(ISNUMBER(C7)),"缺採樣日期；","")&IF(AND(L7="土壤",OR(NOT(ISNUMBER(F7)),NOT(ISNUMBER(G7)))),"缺土壤深度；","")&IF(AND(L7="土壤",ISNUMBER(F7),ISNUMBER(G7),OR(F7>G7,F7<0)),"土壤深度起迄錯誤；","")&IF(AND(L7="地下水",F7<>"",NOT(ISNUMBER(F7))),"水位須為數值；","")&IF(AND(L7="地下水",H7=""),"缺採樣方法；","")&IF(AND(B7<>"",L7=""),"監測點未建或重複；","")) | N7: =IF(A7="","",COUNTIF(Samples[樣品編號],A7))
A8: BH01-S_20260415_01 | B8: BH01-S | C8: 46127 | D8: Campaign 2 | E8: 0.5 | F8: 0 | G8: 1 | H8: 其他 | I8: 合成範例 | J8: 合成範例 | K8: 合成資料；來源 examples/demo/samples.csv；BH01-soil-2-1 | L8: =IF(B8="","",IF(COUNTIF(DB_03[監測點],B8)=1,INDEX(DB_03[預設介質],MATCH(B8,DB_03[監測點],0)),"")) | M8: =IF(COUNTA(A8:K8)=0,"",IF(A8="","缺樣品編號；","")&IF(AND(A8<>"",N8>1),"樣品編號重複；","")&IF(COUNTIFS(DB_03[監測點],B8,DB_03[預設介質],L8,DB_03[啟用],"是")<>1,"點位或介質待核；","")&IF(NOT(ISNUMBER(C8)),"缺採樣日期；","")&IF(AND(L8="土壤",OR(NOT(ISNUMBER(F8)),NOT(ISNUMBER(G8)))),"缺土壤深度；","")&IF(AND(L8="土壤",ISNUMBER(F8),ISNUMBER(G8),OR(F8>G8,F8<0)),"土壤深度起迄錯誤；","")&IF(AND(L8="地下水",F8<>"",NOT(ISNUMBER(F8))),"水位須為數值；","")&IF(AND(L8="地下水",H8=""),"缺採樣方法；","")&IF(AND(B8<>"",L8=""),"監測點未建或重複；","")) | N8: =IF(A8="","",COUNTIF(Samples[樣品編號],A8))
A9: BH01-W_20260415_01 | B9: BH01-W | C9: 46127 | D9: Campaign 2 | E9: 0.5 | F9: 0.2 | H9: 微洗井 | I9: 合成範例 | J9: 合成範例 | K9: 合成資料；來源 examples/demo/samples.csv；BH01-groundwater-2-1 | L9: =IF(B9="","",IF(COUNTIF(DB_03[監測點],B9)=1,INDEX(DB_03[預設介質],MATCH(B9,DB_03[監測點],0)),"")) | M9: =IF(COUNTA(A9:K9)=0,"",IF(A9="","缺樣品編號；","")&IF(AND(A9<>"",N9>1),"樣品編號重複；","")&IF(COUNTIFS(DB_03[監測點],B9,DB_03[預設介質],L9,DB_03[啟用],"是")<>1,"點位或介質待核；","")&IF(NOT(ISNUMBER(C9)),"缺採樣日期；","")&IF(AND(L9="土壤",OR(NOT(ISNUMBER(F9)),NOT(ISNUMBER(G9)))),"缺土壤深度；","")&IF(AND(L9="土壤",ISNUMBER(F9),ISNUMBER(G9),OR(F9>G9,F9<0)),"土壤深度起迄錯誤；","")&IF(AND(L9="地下水",F9<>"",NOT(ISNUMBER(F9))),"水位須為數值；","")&IF(AND(L9="地下水",H9=""),"缺採樣方法；","")&IF(AND(B9<>"",L9=""),"監測點未建或重複；","")) | N9: =IF(A9="","",COUNTIF(Samples[樣品編號],A9))
A10: BH01-S_20260415_02 | B10: BH01-S | C10: 46127 | D10: Campaign 2 | E10: 1.5 | F10: 1 | G10: 2 | H10: 其他 | I10: 合成範例 | J10: 合成範例 | K10: 合成資料；來源 examples/demo/samples.csv；BH01-soil-2-2 | L10: =IF(B10="","",IF(COUNTIF(DB_03[監測點],B10)=1,INDEX(DB_03[預設介質],MATCH(B10,DB_03[監測點],0)),"")) | M10: =IF(COUNTA(A10:K10)=0,"",IF(A10="","缺樣品編號；","")&IF(AND(A10<>"",N10>1),"樣品編號重複；","")&IF(COUNTIFS(DB_03[監測點],B10,DB_03[預設介質],L10,DB_03[啟用],"是")<>1,"點位或介質待核；","")&IF(NOT(ISNUMBER(C10)),"缺採樣日期；","")&IF(AND(L10="土壤",OR(NOT(ISNUMBER(F10)),NOT(ISNUMBER(G10)))),"缺土壤深度；","")&IF(AND(L10="土壤",ISNUMBER(F10),ISNUMBER(G10),OR(F10>G10,F10<0)),"土壤深度起迄錯誤；","")&IF(AND(L10="地下水",F10<>"",NOT(ISNUMBER(F10))),"水位須為數值；","")&IF(AND(L10="地下水",H10=""),"缺採樣方法；","")&IF(AND(B10<>"",L10=""),"監測點未建或重複；","")) | N10: =IF(A10="","",COUNTIF(Samples[樣品編號],A10))
A11: BH01-W_20260415_02 | B11: BH01-W | C11: 46127 | D11: Campaign 2 | E11: 1.5 | H11: 微洗井 | I11: 合成範例 | J11: 合成範例 | K11: 合成資料；來源 examples/demo/samples.csv；BH01-groundwater-2-2 | L11: =IF(B11="","",IF(COUNTIF(DB_03[監測點],B11)=1,INDEX(DB_03[預設介質],MATCH(B11,DB_03[監測點],0)),"")) | M11: =IF(COUNTA(A11:K11)=0,"",IF(A11="","缺樣品編號；","")&IF(AND(A11<>"",N11>1),"樣品編號重複；","")&IF(COUNTIFS(DB_03[監測點],B11,DB_03[預設介質],L11,DB_03[啟用],"是")<>1,"點位或介質待核；","")&IF(NOT(ISNUMBER(C11)),"缺採樣日期；","")&IF(AND(L11="土壤",OR(NOT(ISNUMBER(F11)),NOT(ISNUMBER(G11)))),"缺土壤深度；","")&IF(AND(L11="土壤",ISNUMBER(F11),ISNUMBER(G11),OR(F11>G11,F11<0)),"土壤深度起迄錯誤；","")&IF(AND(L11="地下水",F11<>"",NOT(ISNUMBER(F11))),"水位須為數值；","")&IF(AND(L11="地下水",H11=""),"缺採樣方法；","")&IF(AND(B11<>"",L11=""),"監測點未建或重複；","")) | N11: =IF(A11="","",COUNTIF(Samples[樣品編號],A11))
A12: BH01-S_20260415_03 | B12: BH01-S | C12: 46127 | D12: Campaign 2 | E12: 2.5 | F12: 2 | G12: 3 | H12: 其他 | I12: 合成範例 | J12: 合成範例 | K12: 合成資料；來源 examples/demo/samples.csv；BH01-soil-2-3 | L12: =IF(B12="","",IF(COUNTIF(DB_03[監測點],B12)=1,INDEX(DB_03[預設介質],MATCH(B12,DB_03[監測點],0)),"")) | M12: =IF(COUNTA(A12:K12)=0,"",IF(A12="","缺樣品編號；","")&IF(AND(A12<>"",N12>1),"樣品編號重複；","")&IF(COUNTIFS(DB_03[監測點],B12,DB_03[預設介質],L12,DB_03[啟用],"是")<>1,"點位或介質待核；","")&IF(NOT(ISNUMBER(C12)),"缺採樣日期；","")&IF(AND(L12="土壤",OR(NOT(ISNUMBER(F12)),NOT(ISNUMBER(G12)))),"缺土壤深度；","")&IF(AND(L12="土壤",ISNUMBER(F12),ISNUMBER(G12),OR(F12>G12,F12<0)),"土壤深度起迄錯誤；","")&IF(AND(L12="地下水",F12<>"",NOT(ISNUMBER(F12))),"水位須為數值；","")&IF(AND(L12="地下水",H12=""),"缺採樣方法；","")&IF(AND(B12<>"",L12=""),"監測點未建或重複；","")) | N12: =IF(A12="","",COUNTIF(Samples[樣品編號],A12))
A13: BH01-W_20260415_03 | B13: BH01-W | C13: 46127 | D13: Campaign 2 | E13: 2.5 | H13: 微洗井 | I13: 合成範例 | J13: 合成範例 | K13: 合成資料；來源 examples/demo/samples.csv；BH01-groundwater-2-3 | L13: =IF(B13="","",IF(COUNTIF(DB_03[監測點],B13)=1,INDEX(DB_03[預設介質],MATCH(B13,DB_03[監測點],0)),"")) | M13: =IF(COUNTA(A13:K13)=0,"",IF(A13="","缺樣品編號；","")&IF(AND(A13<>"",N13>1),"樣品編號重複；","")&IF(COUNTIFS(DB_03[監測點],B13,DB_03[預設介質],L13,DB_03[啟用],"是")<>1,"點位或介質待核；","")&IF(NOT(ISNUMBER(C13)),"缺採樣日期；","")&IF(AND(L13="土壤",OR(NOT(ISNUMBER(F13)),NOT(ISNUMBER(G13)))),"缺土壤深度；","")&IF(AND(L13="土壤",ISNUMBER(F13),ISNUMBER(G13),OR(F13>G13,F13<0)),"土壤深度起迄錯誤；","")&IF(AND(L13="地下水",F13<>"",NOT(ISNUMBER(F13))),"水位須為數值；","")&IF(AND(L13="地下水",H13=""),"缺採樣方法；","")&IF(AND(B13<>"",L13=""),"監測點未建或重複；","")) | N13: =IF(A13="","",COUNTIF(Samples[樣品編號],A13))
A14: BH02-S_20260115_01 | B14: BH02-S | C14: 46037 | D14: Campaign 1 | E14: 0.5 | F14: 0 | G14: 1 | H14: 其他 | I14: 合成範例 | J14: 合成範例 | K14: 合成資料；來源 examples/demo/samples.csv；BH02-soil-1-1 | L14: =IF(B14="","",IF(COUNTIF(DB_03[監測點],B14)=1,INDEX(DB_03[預設介質],MATCH(B14,DB_03[監測點],0)),"")) | M14: =IF(COUNTA(A14:K14)=0,"",IF(A14="","缺樣品編號；","")&IF(AND(A14<>"",N14>1),"樣品編號重複；","")&IF(COUNTIFS(DB_03[監測點],B14,DB_03[預設介質],L14,DB_03[啟用],"是")<>1,"點位或介質待核；","")&IF(NOT(ISNUMBER(C14)),"缺採樣日期；","")&IF(AND(L14="土壤",OR(NOT(ISNUMBER(F14)),NOT(ISNUMBER(G14)))),"缺土壤深度；","")&IF(AND(L14="土壤",ISNUMBER(F14),ISNUMBER(G14),OR(F14>G14,F14<0)),"土壤深度起迄錯誤；","")&IF(AND(L14="地下水",F14<>"",NOT(ISNUMBER(F14))),"水位須為數值；","")&IF(AND(L14="地下水",H14=""),"缺採樣方法；","")&IF(AND(B14<>"",L14=""),"監測點未建或重複；","")) | N14: =IF(A14="","",COUNTIF(Samples[樣品編號],A14))
A15: BH02-W_20260115_01 | B15: BH02-W | C15: 46037 | D15: Campaign 1 | E15: 0.5 | F15: 0.2 | H15: 微洗井 | I15: 合成範例 | J15: 合成範例 | K15: 合成資料；來源 examples/demo/samples.csv；BH02-groundwater-1-1 | L15: =IF(B15="","",IF(COUNTIF(DB_03[監測點],B15)=1,INDEX(DB_03[預設介質],MATCH(B15,DB_03[監測點],0)),"")) | M15: =IF(COUNTA(A15:K15)=0,"",IF(A15="","缺樣品編號；","")&IF(AND(A15<>"",N15>1),"樣品編號重複；","")&IF(COUNTIFS(DB_03[監測點],B15,DB_03[預設介質],L15,DB_03[啟用],"是")<>1,"點位或介質待核；","")&IF(NOT(ISNUMBER(C15)),"缺採樣日期；","")&IF(AND(L15="土壤",OR(NOT(ISNUMBER(F15)),NOT(ISNUMBER(G15)))),"缺土壤深度；","")&IF(AND(L15="土壤",ISNUMBER(F15),ISNUMBER(G15),OR(F15>G15,F15<0)),"土壤深度起迄錯誤；","")&IF(AND(L15="地下水",F15<>"",NOT(ISNUMBER(F15))),"水位須為數值；","")&IF(AND(L15="地下水",H15=""),"缺採樣方法；","")&IF(AND(B15<>"",L15=""),"監測點未建或重複；","")) | N15: =IF(A15="","",COUNTIF(Samples[樣品編號],A15))
A16: BH02-S_20260115_02 | B16: BH02-S | C16: 46037 | D16: Campaign 1 | E16: 1.5 | F16: 1 | G16: 2 | H16: 其他 | I16: 合成範例 | J16: 合成範例 | K16: 合成資料；來源 examples/demo/samples.csv；BH02-soil-1-2 | L16: =IF(B16="","",IF(COUNTIF(DB_03[監測點],B16)=1,INDEX(DB_03[預設介質],MATCH(B16,DB_03[監測點],0)),"")) | M16: =IF(COUNTA(A16:K16)=0,"",IF(A16="","缺樣品編號；","")&IF(AND(A16<>"",N16>1),"樣品編號重複；","")&IF(COUNTIFS(DB_03[監測點],B16,DB_03[預設介質],L16,DB_03[啟用],"是")<>1,"點位或介質待核；","")&IF(NOT(ISNUMBER(C16)),"缺採樣日期；","")&IF(AND(L16="土壤",OR(NOT(ISNUMBER(F16)),NOT(ISNUMBER(G16)))),"缺土壤深度；","")&IF(AND(L16="土壤",ISNUMBER(F16),ISNUMBER(G16),OR(F16>G16,F16<0)),"土壤深度起迄錯誤；","")&IF(AND(L16="地下水",F16<>"",NOT(ISNUMBER(F16))),"水位須為數值；","")&IF(AND(L16="地下水",H16=""),"缺採樣方法；","")&IF(AND(B16<>"",L16=""),"監測點未建或重複；","")) | N16: =IF(A16="","",COUNTIF(Samples[樣品編號],A16))
A17: BH02-W_20260115_02 | B17: BH02-W | C17: 46037 | D17: Campaign 1 | E17: 1.5 | H17: 微洗井 | I17: 合成範例 | J17: 合成範例 | K17: 合成資料；來源 examples/demo/samples.csv；BH02-groundwater-1-2 | L17: =IF(B17="","",IF(COUNTIF(DB_03[監測點],B17)=1,INDEX(DB_03[預設介質],MATCH(B17,DB_03[監測點],0)),"")) | M17: =IF(COUNTA(A17:K17)=0,"",IF(A17="","缺樣品編號；","")&IF(AND(A17<>"",N17>1),"樣品編號重複；","")&IF(COUNTIFS(DB_03[監測點],B17,DB_03[預設介質],L17,DB_03[啟用],"是")<>1,"點位或介質待核；","")&IF(NOT(ISNUMBER(C17)),"缺採樣日期；","")&IF(AND(L17="土壤",OR(NOT(ISNUMBER(F17)),NOT(ISNUMBER(G17)))),"缺土壤深度；","")&IF(AND(L17="土壤",ISNUMBER(F17),ISNUMBER(G17),OR(F17>G17,F17<0)),"土壤深度起迄錯誤；","")&IF(AND(L17="地下水",F17<>"",NOT(ISNUMBER(F17))),"水位須為數值；","")&IF(AND(L17="地下水",H17=""),"缺採樣方法；","")&IF(AND(B17<>"",L17=""),"監測點未建或重複；","")) | N17: =IF(A17="","",COUNTIF(Samples[樣品編號],A17))
A18: BH02-S_20260115_03 | B18: BH02-S | C18: 46037 | D18: Campaign 1 | E18: 2.5 | F18: 2 | G18: 3 | H18: 其他 | I18: 合成範例 | J18: 合成範例 | K18: 合成資料；來源 examples/demo/samples.csv；BH02-soil-1-3 | L18: =IF(B18="","",IF(COUNTIF(DB_03[監測點],B18)=1,INDEX(DB_03[預設介質],MATCH(B18,DB_03[監測點],0)),"")) | M18: =IF(COUNTA(A18:K18)=0,"",IF(A18="","缺樣品編號；","")&IF(AND(A18<>"",N18>1),"樣品編號重複；","")&IF(COUNTIFS(DB_03[監測點],B18,DB_03[預設介質],L18,DB_03[啟用],"是")<>1,"點位或介質待核；","")&IF(NOT(ISNUMBER(C18)),"缺採樣日期；","")&IF(AND(L18="土壤",OR(NOT(ISNUMBER(F18)),NOT(ISNUMBER(G18)))),"缺土壤深度；","")&IF(AND(L18="土壤",ISNUMBER(F18),ISNUMBER(G18),OR(F18>G18,F18<0)),"土壤深度起迄錯誤；","")&IF(AND(L18="地下水",F18<>"",NOT(ISNUMBER(F18))),"水位須為數值；","")&IF(AND(L18="地下水",H18=""),"缺採樣方法；","")&IF(AND(B18<>"",L18=""),"監測點未建或重複；","")) | N18: =IF(A18="","",COUNTIF(Samples[樣品編號],A18))
A19: BH02-W_20260115_03 | B19: BH02-W | C19: 46037 | D19: Campaign 1 | E19: 2.5 | H19: 微洗井 | I19: 合成範例 | J19: 合成範例 | K19: 合成資料；來源 examples/demo/samples.csv；BH02-groundwater-1-3 | L19: =IF(B19="","",IF(COUNTIF(DB_03[監測點],B19)=1,INDEX(DB_03[預設介質],MATCH(B19,DB_03[監測點],0)),"")) | M19: =IF(COUNTA(A19:K19)=0,"",IF(A19="","缺樣品編號；","")&IF(AND(A19<>"",N19>1),"樣品編號重複；","")&IF(COUNTIFS(DB_03[監測點],B19,DB_03[預設介質],L19,DB_03[啟用],"是")<>1,"點位或介質待核；","")&IF(NOT(ISNUMBER(C19)),"缺採樣日期；","")&IF(AND(L19="土壤",OR(NOT(ISNUMBER(F19)),NOT(ISNUMBER(G19)))),"缺土壤深度；","")&IF(AND(L19="土壤",ISNUMBER(F19),ISNUMBER(G19),OR(F19>G19,F19<0)),"土壤深度起迄錯誤；","")&IF(AND(L19="地下水",F19<>"",NOT(ISNUMBER(F19))),"水位須為數值；","")&IF(AND(L19="地下水",H19=""),"缺採樣方法；","")&IF(AND(B19<>"",L19=""),"監測點未建或重複；","")) | N19: =IF(A19="","",COUNTIF(Samples[樣品編號],A19))
A20: BH02-S_20260415_01 | B20: BH02-S | C20: 46127 | D20: Campaign 2 | E20: 0.5 | F20: 0 | G20: 1 | H20: 其他 | I20: 合成範例 | J20: 合成範例 | K20: 合成資料；來源 examples/demo/samples.csv；BH02-soil-2-1 | L20: =IF(B20="","",IF(COUNTIF(DB_03[監測點],B20)=1,INDEX(DB_03[預設介質],MATCH(B20,DB_03[監測點],0)),"")) | M20: =IF(COUNTA(A20:K20)=0,"",IF(A20="","缺樣品編號；","")&IF(AND(A20<>"",N20>1),"樣品編號重複；","")&IF(COUNTIFS(DB_03[監測點],B20,DB_03[預設介質],L20,DB_03[啟用],"是")<>1,"點位或介質待核；","")&IF(NOT(ISNUMBER(C20)),"缺採樣日期；","")&IF(AND(L20="土壤",OR(NOT(ISNUMBER(F20)),NOT(ISNUMBER(G20)))),"缺土壤深度；","")&IF(AND(L20="土壤",ISNUMBER(F20),ISNUMBER(G20),OR(F20>G20,F20<0)),"土壤深度起迄錯誤；","")&IF(AND(L20="地下水",F20<>"",NOT(ISNUMBER(F20))),"水位須為數值；","")&IF(AND(L20="地下水",H20=""),"缺採樣方法；","")&IF(AND(B20<>"",L20=""),"監測點未建或重複；","")) | N20: =IF(A20="","",COUNTIF(Samples[樣品編號],A20))
A21: BH02-W_20260415_01 | B21: BH02-W | C21: 46127 | D21: Campaign 2 | E21: 0.5 | F21: 0.2 | H21: 微洗井 | I21: 合成範例 | J21: 合成範例 | K21: 合成資料；來源 examples/demo/samples.csv；BH02-groundwater-2-1 | L21: =IF(B21="","",IF(COUNTIF(DB_03[監測點],B21)=1,INDEX(DB_03[預設介質],MATCH(B21,DB_03[監測點],0)),"")) | M21: =IF(COUNTA(A21:K21)=0,"",IF(A21="","缺樣品編號；","")&IF(AND(A21<>"",N21>1),"樣品編號重複；","")&IF(COUNTIFS(DB_03[監測點],B21,DB_03[預設介質],L21,DB_03[啟用],"是")<>1,"點位或介質待核；","")&IF(NOT(ISNUMBER(C21)),"缺採樣日期；","")&IF(AND(L21="土壤",OR(NOT(ISNUMBER(F21)),NOT(ISNUMBER(G21)))),"缺土壤深度；","")&IF(AND(L21="土壤",ISNUMBER(F21),ISNUMBER(G21),OR(F21>G21,F21<0)),"土壤深度起迄錯誤；","")&IF(AND(L21="地下水",F21<>"",NOT(ISNUMBER(F21))),"水位須為數值；","")&IF(AND(L21="地下水",H21=""),"缺採樣方法；","")&IF(AND(B21<>"",L21=""),"監測點未建或重複；","")) | N21: =IF(A21="","",COUNTIF(Samples[樣品編號],A21))
A22: BH02-S_20260415_02 | B22: BH02-S | C22: 46127 | D22: Campaign 2 | E22: 1.5 | F22: 1 | G22: 2 | H22: 其他 | I22: 合成範例 | J22: 合成範例 | K22: 合成資料；來源 examples/demo/samples.csv；BH02-soil-2-2 | L22: =IF(B22="","",IF(COUNTIF(DB_03[監測點],B22)=1,INDEX(DB_03[預設介質],MATCH(B22,DB_03[監測點],0)),"")) | M22: =IF(COUNTA(A22:K22)=0,"",IF(A22="","缺樣品編號；","")&IF(AND(A22<>"",N22>1),"樣品編號重複；","")&IF(COUNTIFS(DB_03[監測點],B22,DB_03[預設介質],L22,DB_03[啟用],"是")<>1,"點位或介質待核；","")&IF(NOT(ISNUMBER(C22)),"缺採樣日期；","")&IF(AND(L22="土壤",OR(NOT(ISNUMBER(F22)),NOT(ISNUMBER(G22)))),"缺土壤深度；","")&IF(AND(L22="土壤",ISNUMBER(F22),ISNUMBER(G22),OR(F22>G22,F22<0)),"土壤深度起迄錯誤；","")&IF(AND(L22="地下水",F22<>"",NOT(ISNUMBER(F22))),"水位須為數值；","")&IF(AND(L22="地下水",H22=""),"缺採樣方法；","")&IF(AND(B22<>"",L22=""),"監測點未建或重複；","")) | N22: =IF(A22="","",COUNTIF(Samples[樣品編號],A22))
A23: BH02-W_20260415_02 | B23: BH02-W | C23: 46127 | D23: Campaign 2 | E23: 1.5 | H23: 微洗井 | I23: 合成範例 | J23: 合成範例 | K23: 合成資料；來源 examples/demo/samples.csv；BH02-groundwater-2-2 | L23: =IF(B23="","",IF(COUNTIF(DB_03[監測點],B23)=1,INDEX(DB_03[預設介質],MATCH(B23,DB_03[監測點],0)),"")) | M23: =IF(COUNTA(A23:K23)=0,"",IF(A23="","缺樣品編號；","")&IF(AND(A23<>"",N23>1),"樣品編號重複；","")&IF(COUNTIFS(DB_03[監測點],B23,DB_03[預設介質],L23,DB_03[啟用],"是")<>1,"點位或介質待核；","")&IF(NOT(ISNUMBER(C23)),"缺採樣日期；","")&IF(AND(L23="土壤",OR(NOT(ISNUMBER(F23)),NOT(ISNUMBER(G23)))),"缺土壤深度；","")&IF(AND(L23="土壤",ISNUMBER(F23),ISNUMBER(G23),OR(F23>G23,F23<0)),"土壤深度起迄錯誤；","")&IF(AND(L23="地下水",F23<>"",NOT(ISNUMBER(F23))),"水位須為數值；","")&IF(AND(L23="地下水",H23=""),"缺採樣方法；","")&IF(AND(B23<>"",L23=""),"監測點未建或重複；","")) | N23: =IF(A23="","",COUNTIF(Samples[樣品編號],A23))
A24: BH02-S_20260415_03 | B24: BH02-S | C24: 46127 | D24: Campaign 2 | E24: 2.5 | F24: 2 | G24: 3 | H24: 其他 | I24: 合成範例 | J24: 合成範例 | K24: 合成資料；來源 examples/demo/samples.csv；BH02-soil-2-3 | L24: =IF(B24="","",IF(COUNTIF(DB_03[監測點],B24)=1,INDEX(DB_03[預設介質],MATCH(B24,DB_03[監測點],0)),"")) | M24: =IF(COUNTA(A24:K24)=0,"",IF(A24="","缺樣品編號；","")&IF(AND(A24<>"",N24>1),"樣品編號重複；","")&IF(COUNTIFS(DB_03[監測點],B24,DB_03[預設介質],L24,DB_03[啟用],"是")<>1,"點位或介質待核；","")&IF(NOT(ISNUMBER(C24)),"缺採樣日期；","")&IF(AND(L24="土壤",OR(NOT(ISNUMBER(F24)),NOT(ISNUMBER(G24)))),"缺土壤深度；","")&IF(AND(L24="土壤",ISNUMBER(F24),ISNUMBER(G24),OR(F24>G24,F24<0)),"土壤深度起迄錯誤；","")&IF(AND(L24="地下水",F24<>"",NOT(ISNUMBER(F24))),"水位須為數值；","")&IF(AND(L24="地下水",H24=""),"缺採樣方法；","")&IF(AND(B24<>"",L24=""),"監測點未建或重複；","")) | N24: =IF(A24="","",COUNTIF(Samples[樣品編號],A24))
A25: BH02-W_20260415_03 | B25: BH02-W | C25: 46127 | D25: Campaign 2 | E25: 2.5 | H25: 微洗井 | I25: 合成範例 | J25: 合成範例 | K25: 合成資料；來源 examples/demo/samples.csv；BH02-groundwater-2-3 | L25: =IF(B25="","",IF(COUNTIF(DB_03[監測點],B25)=1,INDEX(DB_03[預設介質],MATCH(B25,DB_03[監測點],0)),"")) | M25: =IF(COUNTA(A25:K25)=0,"",IF(A25="","缺樣品編號；","")&IF(AND(A25<>"",N25>1),"樣品編號重複；","")&IF(COUNTIFS(DB_03[監測點],B25,DB_03[預設介質],L25,DB_03[啟用],"是")<>1,"點位或介質待核；","")&IF(NOT(ISNUMBER(C25)),"缺採樣日期；","")&IF(AND(L25="土壤",OR(NOT(ISNUMBER(F25)),NOT(ISNUMBER(G25)))),"缺土壤深度；","")&IF(AND(L25="土壤",ISNUMBER(F25),ISNUMBER(G25),OR(F25>G25,F25<0)),"土壤深度起迄錯誤；","")&IF(AND(L25="地下水",F25<>"",NOT(ISNUMBER(F25))),"水位須為數值；","")&IF(AND(L25="地下水",H25=""),"缺採樣方法；","")&IF(AND(B25<>"",L25=""),"監測點未建或重複；","")) | N25: =IF(A25="","",COUNTIF(Samples[樣品編號],A25))
A26: BH03-S_20260115_01 | B26: BH03-S | C26: 46037 | D26: Campaign 1 | E26: 0.5 | F26: 0 | G26: 1 | H26: 其他 | I26: 合成範例 | J26: 合成範例 | K26: 合成資料；來源 examples/demo/samples.csv；BH03-soil-1-1 | L26: =IF(B26="","",IF(COUNTIF(DB_03[監測點],B26)=1,INDEX(DB_03[預設介質],MATCH(B26,DB_03[監測點],0)),"")) | M26: =IF(COUNTA(A26:K26)=0,"",IF(A26="","缺樣品編號；","")&IF(AND(A26<>"",N26>1),"樣品編號重複；","")&IF(COUNTIFS(DB_03[監測點],B26,DB_03[預設介質],L26,DB_03[啟用],"是")<>1,"點位或介質待核；","")&IF(NOT(ISNUMBER(C26)),"缺採樣日期；","")&IF(AND(L26="土壤",OR(NOT(ISNUMBER(F26)),NOT(ISNUMBER(G26)))),"缺土壤深度；","")&IF(AND(L26="土壤",ISNUMBER(F26),ISNUMBER(G26),OR(F26>G26,F26<0)),"土壤深度起迄錯誤；","")&IF(AND(L26="地下水",F26<>"",NOT(ISNUMBER(F26))),"水位須為數值；","")&IF(AND(L26="地下水",H26=""),"缺採樣方法；","")&IF(AND(B26<>"",L26=""),"監測點未建或重複；","")) | N26: =IF(A26="","",COUNTIF(Samples[樣品編號],A26))
A27: BH03-W_20260115_01 | B27: BH03-W | C27: 46037 | D27: Campaign 1 | E27: 0.5 | F27: 0.2 | H27: 微洗井 | I27: 合成範例 | J27: 合成範例 | K27: 合成資料；來源 examples/demo/samples.csv；BH03-groundwater-1-1 | L27: =IF(B27="","",IF(COUNTIF(DB_03[監測點],B27)=1,INDEX(DB_03[預設介質],MATCH(B27,DB_03[監測點],0)),"")) | M27: =IF(COUNTA(A27:K27)=0,"",IF(A27="","缺樣品編號；","")&IF(AND(A27<>"",N27>1),"樣品編號重複；","")&IF(COUNTIFS(DB_03[監測點],B27,DB_03[預設介質],L27,DB_03[啟用],"是")<>1,"點位或介質待核；","")&IF(NOT(ISNUMBER(C27)),"缺採樣日期；","")&IF(AND(L27="土壤",OR(NOT(ISNUMBER(F27)),NOT(ISNUMBER(G27)))),"缺土壤深度；","")&IF(AND(L27="土壤",ISNUMBER(F27),ISNUMBER(G27),OR(F27>G27,F27<0)),"土壤深度起迄錯誤；","")&IF(AND(L27="地下水",F27<>"",NOT(ISNUMBER(F27))),"水位須為數值；","")&IF(AND(L27="地下水",H27=""),"缺採樣方法；","")&IF(AND(B27<>"",L27=""),"監測點未建或重複；","")) | N27: =IF(A27="","",COUNTIF(Samples[樣品編號],A27))
A28: BH03-S_20260115_02 | B28: BH03-S | C28: 46037 | D28: Campaign 1 | E28: 1.5 | F28: 1 | G28: 2 | H28: 其他 | I28: 合成範例 | J28: 合成範例 | K28: 合成資料；來源 examples/demo/samples.csv；BH03-soil-1-2 | L28: =IF(B28="","",IF(COUNTIF(DB_03[監測點],B28)=1,INDEX(DB_03[預設介質],MATCH(B28,DB_03[監測點],0)),"")) | M28: =IF(COUNTA(A28:K28)=0,"",IF(A28="","缺樣品編號；","")&IF(AND(A28<>"",N28>1),"樣品編號重複；","")&IF(COUNTIFS(DB_03[監測點],B28,DB_03[預設介質],L28,DB_03[啟用],"是")<>1,"點位或介質待核；","")&IF(NOT(ISNUMBER(C28)),"缺採樣日期；","")&IF(AND(L28="土壤",OR(NOT(ISNUMBER(F28)),NOT(ISNUMBER(G28)))),"缺土壤深度；","")&IF(AND(L28="土壤",ISNUMBER(F28),ISNUMBER(G28),OR(F28>G28,F28<0)),"土壤深度起迄錯誤；","")&IF(AND(L28="地下水",F28<>"",NOT(ISNUMBER(F28))),"水位須為數值；","")&IF(AND(L28="地下水",H28=""),"缺採樣方法；","")&IF(AND(B28<>"",L28=""),"監測點未建或重複；","")) | N28: =IF(A28="","",COUNTIF(Samples[樣品編號],A28))
A29: BH03-W_20260115_02 | B29: BH03-W | C29: 46037 | D29: Campaign 1 | E29: 1.5 | H29: 微洗井 | I29: 合成範例 | J29: 合成範例 | K29: 合成資料；來源 examples/demo/samples.csv；BH03-groundwater-1-2 | L29: =IF(B29="","",IF(COUNTIF(DB_03[監測點],B29)=1,INDEX(DB_03[預設介質],MATCH(B29,DB_03[監測點],0)),"")) | M29: =IF(COUNTA(A29:K29)=0,"",IF(A29="","缺樣品編號；","")&IF(AND(A29<>"",N29>1),"樣品編號重複；","")&IF(COUNTIFS(DB_03[監測點],B29,DB_03[預設介質],L29,DB_03[啟用],"是")<>1,"點位或介質待核；","")&IF(NOT(ISNUMBER(C29)),"缺採樣日期；","")&IF(AND(L29="土壤",OR(NOT(ISNUMBER(F29)),NOT(ISNUMBER(G29)))),"缺土壤深度；","")&IF(AND(L29="土壤",ISNUMBER(F29),ISNUMBER(G29),OR(F29>G29,F29<0)),"土壤深度起迄錯誤；","")&IF(AND(L29="地下水",F29<>"",NOT(ISNUMBER(F29))),"水位須為數值；","")&IF(AND(L29="地下水",H29=""),"缺採樣方法；","")&IF(AND(B29<>"",L29=""),"監測點未建或重複；","")) | N29: =IF(A29="","",COUNTIF(Samples[樣品編號],A29))
A30: BH03-S_20260115_03 | B30: BH03-S | C30: 46037 | D30: Campaign 1 | E30: 2.5 | F30: 2 | G30: 3 | H30: 其他 | I30: 合成範例 | J30: 合成範例 | K30: 合成資料；來源 examples/demo/samples.csv；BH03-soil-1-3 | L30: =IF(B30="","",IF(COUNTIF(DB_03[監測點],B30)=1,INDEX(DB_03[預設介質],MATCH(B30,DB_03[監測點],0)),"")) | M30: =IF(COUNTA(A30:K30)=0,"",IF(A30="","缺樣品編號；","")&IF(AND(A30<>"",N30>1),"樣品編號重複；","")&IF(COUNTIFS(DB_03[監測點],B30,DB_03[預設介質],L30,DB_03[啟用],"是")<>1,"點位或介質待核；","")&IF(NOT(ISNUMBER(C30)),"缺採樣日期；","")&IF(AND(L30="土壤",OR(NOT(ISNUMBER(F30)),NOT(ISNUMBER(G30)))),"缺土壤深度；","")&IF(AND(L30="土壤",ISNUMBER(F30),ISNUMBER(G30),OR(F30>G30,F30<0)),"土壤深度起迄錯誤；","")&IF(AND(L30="地下水",F30<>"",NOT(ISNUMBER(F30))),"水位須為數值；","")&IF(AND(L30="地下水",H30=""),"缺採樣方法；","")&IF(AND(B30<>"",L30=""),"監測點未建或重複；","")) | N30: =IF(A30="","",COUNTIF(Samples[樣品編號],A30))
A31: BH03-W_20260115_03 | B31: BH03-W | C31: 46037 | D31: Campaign 1 | E31: 2.5 | H31: 微洗井 | I31: 合成範例 | J31: 合成範例 | K31: 合成資料；來源 examples/demo/samples.csv；BH03-groundwater-1-3 | L31: =IF(B31="","",IF(COUNTIF(DB_03[監測點],B31)=1,INDEX(DB_03[預設介質],MATCH(B31,DB_03[監測點],0)),"")) | M31: =IF(COUNTA(A31:K31)=0,"",IF(A31="","缺樣品編號；","")&IF(AND(A31<>"",N31>1),"樣品編號重複；","")&IF(COUNTIFS(DB_03[監測點],B31,DB_03[預設介質],L31,DB_03[啟用],"是")<>1,"點位或介質待核；","")&IF(NOT(ISNUMBER(C31)),"缺採樣日期；","")&IF(AND(L31="土壤",OR(NOT(ISNUMBER(F31)),NOT(ISNUMBER(G31)))),"缺土壤深度；","")&IF(AND(L31="土壤",ISNUMBER(F31),ISNUMBER(G31),OR(F31>G31,F31<0)),"土壤深度起迄錯誤；","")&IF(AND(L31="地下水",F31<>"",NOT(ISNUMBER(F31))),"水位須為數值；","")&IF(AND(L31="地下水",H31=""),"缺採樣方法；","")&IF(AND(B31<>"",L31=""),"監測點未建或重複；","")) | N31: =IF(A31="","",COUNTIF(Samples[樣品編號],A31))
A32: BH03-S_20260415_01 | B32: BH03-S | C32: 46127 | D32: Campaign 2 | E32: 0.5 | F32: 0 | G32: 1 | H32: 其他 | I32: 合成範例 | J32: 合成範例 | K32: 合成資料；來源 examples/demo/samples.csv；BH03-soil-2-1 | L32: =IF(B32="","",IF(COUNTIF(DB_03[監測點],B32)=1,INDEX(DB_03[預設介質],MATCH(B32,DB_03[監測點],0)),"")) | M32: =IF(COUNTA(A32:K32)=0,"",IF(A32="","缺樣品編號；","")&IF(AND(A32<>"",N32>1),"樣品編號重複；","")&IF(COUNTIFS(DB_03[監測點],B32,DB_03[預設介質],L32,DB_03[啟用],"是")<>1,"點位或介質待核；","")&IF(NOT(ISNUMBER(C32)),"缺採樣日期；","")&IF(AND(L32="土壤",OR(NOT(ISNUMBER(F32)),NOT(ISNUMBER(G32)))),"缺土壤深度；","")&IF(AND(L32="土壤",ISNUMBER(F32),ISNUMBER(G32),OR(F32>G32,F32<0)),"土壤深度起迄錯誤；","")&IF(AND(L32="地下水",F32<>"",NOT(ISNUMBER(F32))),"水位須為數值；","")&IF(AND(L32="地下水",H32=""),"缺採樣方法；","")&IF(AND(B32<>"",L32=""),"監測點未建或重複；","")) | N32: =IF(A32="","",COUNTIF(Samples[樣品編號],A32))
A33: BH03-W_20260415_01 | B33: BH03-W | C33: 46127 | D33: Campaign 2 | E33: 0.5 | F33: 0.2 | H33: 微洗井 | I33: 合成範例 | J33: 合成範例 | K33: 合成資料；來源 examples/demo/samples.csv；BH03-groundwater-2-1 | L33: =IF(B33="","",IF(COUNTIF(DB_03[監測點],B33)=1,INDEX(DB_03[預設介質],MATCH(B33,DB_03[監測點],0)),"")) | M33: =IF(COUNTA(A33:K33)=0,"",IF(A33="","缺樣品編號；","")&IF(AND(A33<>"",N33>1),"樣品編號重複；","")&IF(COUNTIFS(DB_03[監測點],B33,DB_03[預設介質],L33,DB_03[啟用],"是")<>1,"點位或介質待核；","")&IF(NOT(ISNUMBER(C33)),"缺採樣日期；","")&IF(AND(L33="土壤",OR(NOT(ISNUMBER(F33)),NOT(ISNUMBER(G33)))),"缺土壤深度；","")&IF(AND(L33="土壤",ISNUMBER(F33),ISNUMBER(G33),OR(F33>G33,F33<0)),"土壤深度起迄錯誤；","")&IF(AND(L33="地下水",F33<>"",NOT(ISNUMBER(F33))),"水位須為數值；","")&IF(AND(L33="地下水",H33=""),"缺採樣方法；","")&IF(AND(B33<>"",L33=""),"監測點未建或重複；","")) | N33: =IF(A33="","",COUNTIF(Samples[樣品編號],A33))
A34: BH03-S_20260415_02 | B34: BH03-S | C34: 46127 | D34: Campaign 2 | E34: 1.5 | F34: 1 | G34: 2 | H34: 其他 | I34: 合成範例 | J34: 合成範例 | K34: 合成資料；來源 examples/demo/samples.csv；BH03-soil-2-2 | L34: =IF(B34="","",IF(COUNTIF(DB_03[監測點],B34)=1,INDEX(DB_03[預設介質],MATCH(B34,DB_03[監測點],0)),"")) | M34: =IF(COUNTA(A34:K34)=0,"",IF(A34="","缺樣品編號；","")&IF(AND(A34<>"",N34>1),"樣品編號重複；","")&IF(COUNTIFS(DB_03[監測點],B34,DB_03[預設介質],L34,DB_03[啟用],"是")<>1,"點位或介質待核；","")&IF(NOT(ISNUMBER(C34)),"缺採樣日期；","")&IF(AND(L34="土壤",OR(NOT(ISNUMBER(F34)),NOT(ISNUMBER(G34)))),"缺土壤深度；","")&IF(AND(L34="土壤",ISNUMBER(F34),ISNUMBER(G34),OR(F34>G34,F34<0)),"土壤深度起迄錯誤；","")&IF(AND(L34="地下水",F34<>"",NOT(ISNUMBER(F34))),"水位須為數值；","")&IF(AND(L34="地下水",H34=""),"缺採樣方法；","")&IF(AND(B34<>"",L34=""),"監測點未建或重複；","")) | N34: =IF(A34="","",COUNTIF(Samples[樣品編號],A34))
A35: BH03-W_20260415_02 | B35: BH03-W | C35: 46127 | D35: Campaign 2 | E35: 1.5 | H35: 微洗井 | I35: 合成範例 | J35: 合成範例 | K35: 合成資料；來源 examples/demo/samples.csv；BH03-groundwater-2-2 | L35: =IF(B35="","",IF(COUNTIF(DB_03[監測點],B35)=1,INDEX(DB_03[預設介質],MATCH(B35,DB_03[監測點],0)),"")) | M35: =IF(COUNTA(A35:K35)=0,"",IF(A35="","缺樣品編號；","")&IF(AND(A35<>"",N35>1),"樣品編號重複；","")&IF(COUNTIFS(DB_03[監測點],B35,DB_03[預設介質],L35,DB_03[啟用],"是")<>1,"點位或介質待核；","")&IF(NOT(ISNUMBER(C35)),"缺採樣日期；","")&IF(AND(L35="土壤",OR(NOT(ISNUMBER(F35)),NOT(ISNUMBER(G35)))),"缺土壤深度；","")&IF(AND(L35="土壤",ISNUMBER(F35),ISNUMBER(G35),OR(F35>G35,F35<0)),"土壤深度起迄錯誤；","")&IF(AND(L35="地下水",F35<>"",NOT(ISNUMBER(F35))),"水位須為數值；","")&IF(AND(L35="地下水",H35=""),"缺採樣方法；","")&IF(AND(B35<>"",L35=""),"監測點未建或重複；","")) | N35: =IF(A35="","",COUNTIF(Samples[樣品編號],A35))
A36: BH03-S_20260415_03 | B36: BH03-S | C36: 46127 | D36: Campaign 2 | E36: 2.5 | F36: 2 | G36: 3 | H36: 其他 | I36: 合成範例 | J36: 合成範例 | K36: 合成資料；來源 examples/demo/samples.csv；BH03-soil-2-3 | L36: =IF(B36="","",IF(COUNTIF(DB_03[監測點],B36)=1,INDEX(DB_03[預設介質],MATCH(B36,DB_03[監測點],0)),"")) | M36: =IF(COUNTA(A36:K36)=0,"",IF(A36="","缺樣品編號；","")&IF(AND(A36<>"",N36>1),"樣品編號重複；","")&IF(COUNTIFS(DB_03[監測點],B36,DB_03[預設介質],L36,DB_03[啟用],"是")<>1,"點位或介質待核；","")&IF(NOT(ISNUMBER(C36)),"缺採樣日期；","")&IF(AND(L36="土壤",OR(NOT(ISNUMBER(F36)),NOT(ISNUMBER(G36)))),"缺土壤深度；","")&IF(AND(L36="土壤",ISNUMBER(F36),ISNUMBER(G36),OR(F36>G36,F36<0)),"土壤深度起迄錯誤；","")&IF(AND(L36="地下水",F36<>"",NOT(ISNUMBER(F36))),"水位須為數值；","")&IF(AND(L36="地下水",H36=""),"缺採樣方法；","")&IF(AND(B36<>"",L36=""),"監測點未建或重複；","")) | N36: =IF(A36="","",COUNTIF(Samples[樣品編號],A36))
A37: BH03-W_20260415_03 | B37: BH03-W | C37: 46127 | D37: Campaign 2 | E37: 2.5 | H37: 微洗井 | I37: 合成範例 | J37: 合成範例 | K37: 合成資料；來源 examples/demo/samples.csv；BH03-groundwater-2-3 | L37: =IF(B37="","",IF(COUNTIF(DB_03[監測點],B37)=1,INDEX(DB_03[預設介質],MATCH(B37,DB_03[監測點],0)),"")) | M37: =IF(COUNTA(A37:K37)=0,"",IF(A37="","缺樣品編號；","")&IF(AND(A37<>"",N37>1),"樣品編號重複；","")&IF(COUNTIFS(DB_03[監測點],B37,DB_03[預設介質],L37,DB_03[啟用],"是")<>1,"點位或介質待核；","")&IF(NOT(ISNUMBER(C37)),"缺採樣日期；","")&IF(AND(L37="土壤",OR(NOT(ISNUMBER(F37)),NOT(ISNUMBER(G37)))),"缺土壤深度；","")&IF(AND(L37="土壤",ISNUMBER(F37),ISNUMBER(G37),OR(F37>G37,F37<0)),"土壤深度起迄錯誤；","")&IF(AND(L37="地下水",F37<>"",NOT(ISNUMBER(F37))),"水位須為數值；","")&IF(AND(L37="地下水",H37=""),"缺採樣方法；","")&IF(AND(B37<>"",L37=""),"監測點未建或重複；","")) | N37: =IF(A37="","",COUNTIF(Samples[樣品編號],A37))
A38: BH04-S_20260115_01 | B38: BH04-S | C38: 46037 | D38: Campaign 1 | E38: 0.5 | F38: 0 | G38: 1 | H38: 其他 | I38: 合成範例 | J38: 合成範例 | K38: 合成資料；來源 examples/demo/samples.csv；BH04-soil-1-1 | L38: =IF(B38="","",IF(COUNTIF(DB_03[監測點],B38)=1,INDEX(DB_03[預設介質],MATCH(B38,DB_03[監測點],0)),"")) | M38: =IF(COUNTA(A38:K38)=0,"",IF(A38="","缺樣品編號；","")&IF(AND(A38<>"",N38>1),"樣品編號重複；","")&IF(COUNTIFS(DB_03[監測點],B38,DB_03[預設介質],L38,DB_03[啟用],"是")<>1,"點位或介質待核；","")&IF(NOT(ISNUMBER(C38)),"缺採樣日期；","")&IF(AND(L38="土壤",OR(NOT(ISNUMBER(F38)),NOT(ISNUMBER(G38)))),"缺土壤深度；","")&IF(AND(L38="土壤",ISNUMBER(F38),ISNUMBER(G38),OR(F38>G38,F38<0)),"土壤深度起迄錯誤；","")&IF(AND(L38="地下水",F38<>"",NOT(ISNUMBER(F38))),"水位須為數值；","")&IF(AND(L38="地下水",H38=""),"缺採樣方法；","")&IF(AND(B38<>"",L38=""),"監測點未建或重複；","")) | N38: =IF(A38="","",COUNTIF(Samples[樣品編號],A38))
A39: BH04-W_20260115_01 | B39: BH04-W | C39: 46037 | D39: Campaign 1 | E39: 0.5 | F39: 0.2 | H39: 微洗井 | I39: 合成範例 | J39: 合成範例 | K39: 合成資料；來源 examples/demo/samples.csv；BH04-groundwater-1-1 | L39: =IF(B39="","",IF(COUNTIF(DB_03[監測點],B39)=1,INDEX(DB_03[預設介質],MATCH(B39,DB_03[監測點],0)),"")) | M39: =IF(COUNTA(A39:K39)=0,"",IF(A39="","缺樣品編號；","")&IF(AND(A39<>"",N39>1),"樣品編號重複；","")&IF(COUNTIFS(DB_03[監測點],B39,DB_03[預設介質],L39,DB_03[啟用],"是")<>1,"點位或介質待核；","")&IF(NOT(ISNUMBER(C39)),"缺採樣日期；","")&IF(AND(L39="土壤",OR(NOT(ISNUMBER(F39)),NOT(ISNUMBER(G39)))),"缺土壤深度；","")&IF(AND(L39="土壤",ISNUMBER(F39),ISNUMBER(G39),OR(F39>G39,F39<0)),"土壤深度起迄錯誤；","")&IF(AND(L39="地下水",F39<>"",NOT(ISNUMBER(F39))),"水位須為數值；","")&IF(AND(L39="地下水",H39=""),"缺採樣方法；","")&IF(AND(B39<>"",L39=""),"監測點未建或重複；","")) | N39: =IF(A39="","",COUNTIF(Samples[樣品編號],A39))
A40: BH04-S_20260115_02 | B40: BH04-S | C40: 46037 | D40: Campaign 1 | E40: 1.5 | F40: 1 | G40: 2 | H40: 其他 | I40: 合成範例 | J40: 合成範例 | K40: 合成資料；來源 examples/demo/samples.csv；BH04-soil-1-2 | L40: =IF(B40="","",IF(COUNTIF(DB_03[監測點],B40)=1,INDEX(DB_03[預設介質],MATCH(B40,DB_03[監測點],0)),"")) | M40: =IF(COUNTA(A40:K40)=0,"",IF(A40="","缺樣品編號；","")&IF(AND(A40<>"",N40>1),"樣品編號重複；","")&IF(COUNTIFS(DB_03[監測點],B40,DB_03[預設介質],L40,DB_03[啟用],"是")<>1,"點位或介質待核；","")&IF(NOT(ISNUMBER(C40)),"缺採樣日期；","")&IF(AND(L40="土壤",OR(NOT(ISNUMBER(F40)),NOT(ISNUMBER(G40)))),"缺土壤深度；","")&IF(AND(L40="土壤",ISNUMBER(F40),ISNUMBER(G40),OR(F40>G40,F40<0)),"土壤深度起迄錯誤；","")&IF(AND(L40="地下水",F40<>"",NOT(ISNUMBER(F40))),"水位須為數值；","")&IF(AND(L40="地下水",H40=""),"缺採樣方法；","")&IF(AND(B40<>"",L40=""),"監測點未建或重複；","")) | N40: =IF(A40="","",COUNTIF(Samples[樣品編號],A40))
A41: BH04-W_20260115_02 | B41: BH04-W | C41: 46037 | D41: Campaign 1 | E41: 1.5 | H41: 微洗井 | I41: 合成範例 | J41: 合成範例 | K41: 合成資料；來源 examples/demo/samples.csv；BH04-groundwater-1-2 | L41: =IF(B41="","",IF(COUNTIF(DB_03[監測點],B41)=1,INDEX(DB_03[預設介質],MATCH(B41,DB_03[監測點],0)),"")) | M41: =IF(COUNTA(A41:K41)=0,"",IF(A41="","缺樣品編號；","")&IF(AND(A41<>"",N41>1),"樣品編號重複；","")&IF(COUNTIFS(DB_03[監測點],B41,DB_03[預設介質],L41,DB_03[啟用],"是")<>1,"點位或介質待核；","")&IF(NOT(ISNUMBER(C41)),"缺採樣日期；","")&IF(AND(L41="土壤",OR(NOT(ISNUMBER(F41)),NOT(ISNUMBER(G41)))),"缺土壤深度；","")&IF(AND(L41="土壤",ISNUMBER(F41),ISNUMBER(G41),OR(F41>G41,F41<0)),"土壤深度起迄錯誤；","")&IF(AND(L41="地下水",F41<>"",NOT(ISNUMBER(F41))),"水位須為數值；","")&IF(AND(L41="地下水",H41=""),"缺採樣方法；","")&IF(AND(B41<>"",L41=""),"監測點未建或重複；","")) | N41: =IF(A41="","",COUNTIF(Samples[樣品編號],A41))
A42: BH04-S_20260115_03 | B42: BH04-S | C42: 46037 | D42: Campaign 1 | E42: 2.5 | F42: 2 | G42: 3 | H42: 其他 | I42: 合成範例 | J42: 合成範例 | K42: 合成資料；來源 examples/demo/samples.csv；BH04-soil-1-3 | L42: =IF(B42="","",IF(COUNTIF(DB_03[監測點],B42)=1,INDEX(DB_03[預設介質],MATCH(B42,DB_03[監測點],0)),"")) | M42: =IF(COUNTA(A42:K42)=0,"",IF(A42="","缺樣品編號；","")&IF(AND(A42<>"",N42>1),"樣品編號重複；","")&IF(COUNTIFS(DB_03[監測點],B42,DB_03[預設介質],L42,DB_03[啟用],"是")<>1,"點位或介質待核；","")&IF(NOT(ISNUMBER(C42)),"缺採樣日期；","")&IF(AND(L42="土壤",OR(NOT(ISNUMBER(F42)),NOT(ISNUMBER(G42)))),"缺土壤深度；","")&IF(AND(L42="土壤",ISNUMBER(F42),ISNUMBER(G42),OR(F42>G42,F42<0)),"土壤深度起迄錯誤；","")&IF(AND(L42="地下水",F42<>"",NOT(ISNUMBER(F42))),"水位須為數值；","")&IF(AND(L42="地下水",H42=""),"缺採樣方法；","")&IF(AND(B42<>"",L42=""),"監測點未建或重複；","")) | N42: =IF(A42="","",COUNTIF(Samples[樣品編號],A42))
A43: BH04-W_20260115_03 | B43: BH04-W | C43: 46037 | D43: Campaign 1 | E43: 2.5 | H43: 微洗井 | I43: 合成範例 | J43: 合成範例 | K43: 合成資料；來源 examples/demo/samples.csv；BH04-groundwater-1-3 | L43: =IF(B43="","",IF(COUNTIF(DB_03[監測點],B43)=1,INDEX(DB_03[預設介質],MATCH(B43,DB_03[監測點],0)),"")) | M43: =IF(COUNTA(A43:K43)=0,"",IF(A43="","缺樣品編號；","")&IF(AND(A43<>"",N43>1),"樣品編號重複；","")&IF(COUNTIFS(DB_03[監測點],B43,DB_03[預設介質],L43,DB_03[啟用],"是")<>1,"點位或介質待核；","")&IF(NOT(ISNUMBER(C43)),"缺採樣日期；","")&IF(AND(L43="土壤",OR(NOT(ISNUMBER(F43)),NOT(ISNUMBER(G43)))),"缺土壤深度；","")&IF(AND(L43="土壤",ISNUMBER(F43),ISNUMBER(G43),OR(F43>G43,F43<0)),"土壤深度起迄錯誤；","")&IF(AND(L43="地下水",F43<>"",NOT(ISNUMBER(F43))),"水位須為數值；","")&IF(AND(L43="地下水",H43=""),"缺採樣方法；","")&IF(AND(B43<>"",L43=""),"監測點未建或重複；","")) | N43: =IF(A43="","",COUNTIF(Samples[樣品編號],A43))
A44: BH04-S_20260415_01 | B44: BH04-S | C44: 46127 | D44: Campaign 2 | E44: 0.5 | F44: 0 | G44: 1 | H44: 其他 | I44: 合成範例 | J44: 合成範例 | K44: 合成資料；來源 examples/demo/samples.csv；BH04-soil-2-1 | L44: =IF(B44="","",IF(COUNTIF(DB_03[監測點],B44)=1,INDEX(DB_03[預設介質],MATCH(B44,DB_03[監測點],0)),"")) | M44: =IF(COUNTA(A44:K44)=0,"",IF(A44="","缺樣品編號；","")&IF(AND(A44<>"",N44>1),"樣品編號重複；","")&IF(COUNTIFS(DB_03[監測點],B44,DB_03[預設介質],L44,DB_03[啟用],"是")<>1,"點位或介質待核；","")&IF(NOT(ISNUMBER(C44)),"缺採樣日期；","")&IF(AND(L44="土壤",OR(NOT(ISNUMBER(F44)),NOT(ISNUMBER(G44)))),"缺土壤深度；","")&IF(AND(L44="土壤",ISNUMBER(F44),ISNUMBER(G44),OR(F44>G44,F44<0)),"土壤深度起迄錯誤；","")&IF(AND(L44="地下水",F44<>"",NOT(ISNUMBER(F44))),"水位須為數值；","")&IF(AND(L44="地下水",H44=""),"缺採樣方法；","")&IF(AND(B44<>"",L44=""),"監測點未建或重複；","")) | N44: =IF(A44="","",COUNTIF(Samples[樣品編號],A44))
A45: BH04-W_20260415_01 | B45: BH04-W | C45: 46127 | D45: Campaign 2 | E45: 0.5 | F45: 0.2 | H45: 微洗井 | I45: 合成範例 | J45: 合成範例 | K45: 合成資料；來源 examples/demo/samples.csv；BH04-groundwater-2-1 | L45: =IF(B45="","",IF(COUNTIF(DB_03[監測點],B45)=1,INDEX(DB_03[預設介質],MATCH(B45,DB_03[監測點],0)),"")) | M45: =IF(COUNTA(A45:K45)=0,"",IF(A45="","缺樣品編號；","")&IF(AND(A45<>"",N45>1),"樣品編號重複；","")&IF(COUNTIFS(DB_03[監測點],B45,DB_03[預設介質],L45,DB_03[啟用],"是")<>1,"點位或介質待核；","")&IF(NOT(ISNUMBER(C45)),"缺採樣日期；","")&IF(AND(L45="土壤",OR(NOT(ISNUMBER(F45)),NOT(ISNUMBER(G45)))),"缺土壤深度；","")&IF(AND(L45="土壤",ISNUMBER(F45),ISNUMBER(G45),OR(F45>G45,F45<0)),"土壤深度起迄錯誤；","")&IF(AND(L45="地下水",F45<>"",NOT(ISNUMBER(F45))),"水位須為數值；","")&IF(AND(L45="地下水",H45=""),"缺採樣方法；","")&IF(AND(B45<>"",L45=""),"監測點未建或重複；","")) | N45: =IF(A45="","",COUNTIF(Samples[樣品編號],A45))
A46: BH04-S_20260415_02 | B46: BH04-S | C46: 46127 | D46: Campaign 2 | E46: 1.5 | F46: 1 | G46: 2 | H46: 其他 | I46: 合成範例 | J46: 合成範例 | K46: 合成資料；來源 examples/demo/samples.csv；BH04-soil-2-2 | L46: =IF(B46="","",IF(COUNTIF(DB_03[監測點],B46)=1,INDEX(DB_03[預設介質],MATCH(B46,DB_03[監測點],0)),"")) | M46: =IF(COUNTA(A46:K46)=0,"",IF(A46="","缺樣品編號；","")&IF(AND(A46<>"",N46>1),"樣品編號重複；","")&IF(COUNTIFS(DB_03[監測點],B46,DB_03[預設介質],L46,DB_03[啟用],"是")<>1,"點位或介質待核；","")&IF(NOT(ISNUMBER(C46)),"缺採樣日期；","")&IF(AND(L46="土壤",OR(NOT(ISNUMBER(F46)),NOT(ISNUMBER(G46)))),"缺土壤深度；","")&IF(AND(L46="土壤",ISNUMBER(F46),ISNUMBER(G46),OR(F46>G46,F46<0)),"土壤深度起迄錯誤；","")&IF(AND(L46="地下水",F46<>"",NOT(ISNUMBER(F46))),"水位須為數值；","")&IF(AND(L46="地下水",H46=""),"缺採樣方法；","")&IF(AND(B46<>"",L46=""),"監測點未建或重複；","")) | N46: =IF(A46="","",COUNTIF(Samples[樣品編號],A46))
A47: BH04-W_20260415_02 | B47: BH04-W | C47: 46127 | D47: Campaign 2 | E47: 1.5 | H47: 微洗井 | I47: 合成範例 | J47: 合成範例 | K47: 合成資料；來源 examples/demo/samples.csv；BH04-groundwater-2-2 | L47: =IF(B47="","",IF(COUNTIF(DB_03[監測點],B47)=1,INDEX(DB_03[預設介質],MATCH(B47,DB_03[監測點],0)),"")) | M47: =IF(COUNTA(A47:K47)=0,"",IF(A47="","缺樣品編號；","")&IF(AND(A47<>"",N47>1),"樣品編號重複；","")&IF(COUNTIFS(DB_03[監測點],B47,DB_03[預設介質],L47,DB_03[啟用],"是")<>1,"點位或介質待核；","")&IF(NOT(ISNUMBER(C47)),"缺採樣日期；","")&IF(AND(L47="土壤",OR(NOT(ISNUMBER(F47)),NOT(ISNUMBER(G47)))),"缺土壤深度；","")&IF(AND(L47="土壤",ISNUMBER(F47),ISNUMBER(G47),OR(F47>G47,F47<0)),"土壤深度起迄錯誤；","")&IF(AND(L47="地下水",F47<>"",NOT(ISNUMBER(F47))),"水位須為數值；","")&IF(AND(L47="地下水",H47=""),"缺採樣方法；","")&IF(AND(B47<>"",L47=""),"監測點未建或重複；","")) | N47: =IF(A47="","",COUNTIF(Samples[樣品編號],A47))
A48: BH04-S_20260415_03 | B48: BH04-S | C48: 46127 | D48: Campaign 2 | E48: 2.5 | F48: 2 | G48: 3 | H48: 其他 | I48: 合成範例 | J48: 合成範例 | K48: 合成資料；來源 examples/demo/samples.csv；BH04-soil-2-3 | L48: =IF(B48="","",IF(COUNTIF(DB_03[監測點],B48)=1,INDEX(DB_03[預設介質],MATCH(B48,DB_03[監測點],0)),"")) | M48: =IF(COUNTA(A48:K48)=0,"",IF(A48="","缺樣品編號；","")&IF(AND(A48<>"",N48>1),"樣品編號重複；","")&IF(COUNTIFS(DB_03[監測點],B48,DB_03[預設介質],L48,DB_03[啟用],"是")<>1,"點位或介質待核；","")&IF(NOT(ISNUMBER(C48)),"缺採樣日期；","")&IF(AND(L48="土壤",OR(NOT(ISNUMBER(F48)),NOT(ISNUMBER(G48)))),"缺土壤深度；","")&IF(AND(L48="土壤",ISNUMBER(F48),ISNUMBER(G48),OR(F48>G48,F48<0)),"土壤深度起迄錯誤；","")&IF(AND(L48="地下水",F48<>"",NOT(ISNUMBER(F48))),"水位須為數值；","")&IF(AND(L48="地下水",H48=""),"缺採樣方法；","")&IF(AND(B48<>"",L48=""),"監測點未建或重複；","")) | N48: =IF(A48="","",COUNTIF(Samples[樣品編號],A48))
A49: BH04-W_20260415_03 | B49: BH04-W | C49: 46127 | D49: Campaign 2 | E49: 2.5 | H49: 微洗井 | I49: 合成範例 | J49: 合成範例 | K49: 合成資料；來源 examples/demo/samples.csv；BH04-groundwater-2-3 | L49: =IF(B49="","",IF(COUNTIF(DB_03[監測點],B49)=1,INDEX(DB_03[預設介質],MATCH(B49,DB_03[監測點],0)),"")) | M49: =IF(COUNTA(A49:K49)=0,"",IF(A49="","缺樣品編號；","")&IF(AND(A49<>"",N49>1),"樣品編號重複；","")&IF(COUNTIFS(DB_03[監測點],B49,DB_03[預設介質],L49,DB_03[啟用],"是")<>1,"點位或介質待核；","")&IF(NOT(ISNUMBER(C49)),"缺採樣日期；","")&IF(AND(L49="土壤",OR(NOT(ISNUMBER(F49)),NOT(ISNUMBER(G49)))),"缺土壤深度；","")&IF(AND(L49="土壤",ISNUMBER(F49),ISNUMBER(G49),OR(F49>G49,F49<0)),"土壤深度起迄錯誤；","")&IF(AND(L49="地下水",F49<>"",NOT(ISNUMBER(F49))),"水位須為數值；","")&IF(AND(L49="地下水",H49=""),"缺採樣方法；","")&IF(AND(B49<>"",L49=""),"監測點未建或重複；","")) | N49: =IF(A49="","",COUNTIF(Samples[樣品編號],A49))
A50: BH05-S_20260115_01 | B50: BH05-S | C50: 46037 | D50: Campaign 1 | E50: 0.5 | F50: 0 | G50: 1 | H50: 其他 | I50: 合成範例 | J50: 合成範例 | K50: 合成資料；來源 examples/demo/samples.csv；BH05-soil-1-1 | L50: =IF(B50="","",IF(COUNTIF(DB_03[監測點],B50)=1,INDEX(DB_03[預設介質],MATCH(B50,DB_03[監測點],0)),"")) | M50: =IF(COUNTA(A50:K50)=0,"",IF(A50="","缺樣品編號；","")&IF(AND(A50<>"",N50>1),"樣品編號重複；","")&IF(COUNTIFS(DB_03[監測點],B50,DB_03[預設介質],L50,DB_03[啟用],"是")<>1,"點位或介質待核；","")&IF(NOT(ISNUMBER(C50)),"缺採樣日期；","")&IF(AND(L50="土壤",OR(NOT(ISNUMBER(F50)),NOT(ISNUMBER(G50)))),"缺土壤深度；","")&IF(AND(L50="土壤",ISNUMBER(F50),ISNUMBER(G50),OR(F50>G50,F50<0)),"土壤深度起迄錯誤；","")&IF(AND(L50="地下水",F50<>"",NOT(ISNUMBER(F50))),"水位須為數值；","")&IF(AND(L50="地下水",H50=""),"缺採樣方法；","")&IF(AND(B50<>"",L50=""),"監測點未建或重複；","")) | N50: =IF(A50="","",COUNTIF(Samples[樣品編號],A50))
A51: BH05-W_20260115_01 | B51: BH05-W | C51: 46037 | D51: Campaign 1 | E51: 0.5 | F51: 0.2 | H51: 微洗井 | I51: 合成範例 | J51: 合成範例 | K51: 合成資料；來源 examples/demo/samples.csv；BH05-groundwater-1-1 | L51: =IF(B51="","",IF(COUNTIF(DB_03[監測點],B51)=1,INDEX(DB_03[預設介質],MATCH(B51,DB_03[監測點],0)),"")) | M51: =IF(COUNTA(A51:K51)=0,"",IF(A51="","缺樣品編號；","")&IF(AND(A51<>"",N51>1),"樣品編號重複；","")&IF(COUNTIFS(DB_03[監測點],B51,DB_03[預設介質],L51,DB_03[啟用],"是")<>1,"點位或介質待核；","")&IF(NOT(ISNUMBER(C51)),"缺採樣日期；","")&IF(AND(L51="土壤",OR(NOT(ISNUMBER(F51)),NOT(ISNUMBER(G51)))),"缺土壤深度；","")&IF(AND(L51="土壤",ISNUMBER(F51),ISNUMBER(G51),OR(F51>G51,F51<0)),"土壤深度起迄錯誤；","")&IF(AND(L51="地下水",F51<>"",NOT(ISNUMBER(F51))),"水位須為數值；","")&IF(AND(L51="地下水",H51=""),"缺採樣方法；","")&IF(AND(B51<>"",L51=""),"監測點未建或重複；","")) | N51: =IF(A51="","",COUNTIF(Samples[樣品編號],A51))
A52: BH05-S_20260115_02 | B52: BH05-S | C52: 46037 | D52: Campaign 1 | E52: 1.5 | F52: 1 | G52: 2 | H52: 其他 | I52: 合成範例 | J52: 合成範例 | K52: 合成資料；來源 examples/demo/samples.csv；BH05-soil-1-2 | L52: =IF(B52="","",IF(COUNTIF(DB_03[監測點],B52)=1,INDEX(DB_03[預設介質],MATCH(B52,DB_03[監測點],0)),"")) | M52: =IF(COUNTA(A52:K52)=0,"",IF(A52="","缺樣品編號；","")&IF(AND(A52<>"",N52>1),"樣品編號重複；","")&IF(COUNTIFS(DB_03[監測點],B52,DB_03[預設介質],L52,DB_03[啟用],"是")<>1,"點位或介質待核；","")&IF(NOT(ISNUMBER(C52)),"缺採樣日期；","")&IF(AND(L52="土壤",OR(NOT(ISNUMBER(F52)),NOT(ISNUMBER(G52)))),"缺土壤深度；","")&IF(AND(L52="土壤",ISNUMBER(F52),ISNUMBER(G52),OR(F52>G52,F52<0)),"土壤深度起迄錯誤；","")&IF(AND(L52="地下水",F52<>"",NOT(ISNUMBER(F52))),"水位須為數值；","")&IF(AND(L52="地下水",H52=""),"缺採樣方法；","")&IF(AND(B52<>"",L52=""),"監測點未建或重複；","")) | N52: =IF(A52="","",COUNTIF(Samples[樣品編號],A52))
A53: BH05-W_20260115_02 | B53: BH05-W | C53: 46037 | D53: Campaign 1 | E53: 1.5 | H53: 微洗井 | I53: 合成範例 | J53: 合成範例 | K53: 合成資料；來源 examples/demo/samples.csv；BH05-groundwater-1-2 | L53: =IF(B53="","",IF(COUNTIF(DB_03[監測點],B53)=1,INDEX(DB_03[預設介質],MATCH(B53,DB_03[監測點],0)),"")) | M53: =IF(COUNTA(A53:K53)=0,"",IF(A53="","缺樣品編號；","")&IF(AND(A53<>"",N53>1),"樣品編號重複；","")&IF(COUNTIFS(DB_03[監測點],B53,DB_03[預設介質],L53,DB_03[啟用],"是")<>1,"點位或介質待核；","")&IF(NOT(ISNUMBER(C53)),"缺採樣日期；","")&IF(AND(L53="土壤",OR(NOT(ISNUMBER(F53)),NOT(ISNUMBER(G53)))),"缺土壤深度；","")&IF(AND(L53="土壤",ISNUMBER(F53),ISNUMBER(G53),OR(F53>G53,F53<0)),"土壤深度起迄錯誤；","")&IF(AND(L53="地下水",F53<>"",NOT(ISNUMBER(F53))),"水位須為數值；","")&IF(AND(L53="地下水",H53=""),"缺採樣方法；","")&IF(AND(B53<>"",L53=""),"監測點未建或重複；","")) | N53: =IF(A53="","",COUNTIF(Samples[樣品編號],A53))
A54: BH05-S_20260115_03 | B54: BH05-S | C54: 46037 | D54: Campaign 1 | E54: 2.5 | F54: 2 | G54: 3 | H54: 其他 | I54: 合成範例 | J54: 合成範例 | K54: 合成資料；來源 examples/demo/samples.csv；BH05-soil-1-3 | L54: =IF(B54="","",IF(COUNTIF(DB_03[監測點],B54)=1,INDEX(DB_03[預設介質],MATCH(B54,DB_03[監測點],0)),"")) | M54: =IF(COUNTA(A54:K54)=0,"",IF(A54="","缺樣品編號；","")&IF(AND(A54<>"",N54>1),"樣品編號重複；","")&IF(COUNTIFS(DB_03[監測點],B54,DB_03[預設介質],L54,DB_03[啟用],"是")<>1,"點位或介質待核；","")&IF(NOT(ISNUMBER(C54)),"缺採樣日期；","")&IF(AND(L54="土壤",OR(NOT(ISNUMBER(F54)),NOT(ISNUMBER(G54)))),"缺土壤深度；","")&IF(AND(L54="土壤",ISNUMBER(F54),ISNUMBER(G54),OR(F54>G54,F54<0)),"土壤深度起迄錯誤；","")&IF(AND(L54="地下水",F54<>"",NOT(ISNUMBER(F54))),"水位須為數值；","")&IF(AND(L54="地下水",H54=""),"缺採樣方法；","")&IF(AND(B54<>"",L54=""),"監測點未建或重複；","")) | N54: =IF(A54="","",COUNTIF(Samples[樣品編號],A54))
A55: BH05-W_20260115_03 | B55: BH05-W | C55: 46037 | D55: Campaign 1 | E55: 2.5 | H55: 微洗井 | I55: 合成範例 | J55: 合成範例 | K55: 合成資料；來源 examples/demo/samples.csv；BH05-groundwater-1-3 | L55: =IF(B55="","",IF(COUNTIF(DB_03[監測點],B55)=1,INDEX(DB_03[預設介質],MATCH(B55,DB_03[監測點],0)),"")) | M55: =IF(COUNTA(A55:K55)=0,"",IF(A55="","缺樣品編號；","")&IF(AND(A55<>"",N55>1),"樣品編號重複；","")&IF(COUNTIFS(DB_03[監測點],B55,DB_03[預設介質],L55,DB_03[啟用],"是")<>1,"點位或介質待核；","")&IF(NOT(ISNUMBER(C55)),"缺採樣日期；","")&IF(AND(L55="土壤",OR(NOT(ISNUMBER(F55)),NOT(ISNUMBER(G55)))),"缺土壤深度；","")&IF(AND(L55="土壤",ISNUMBER(F55),ISNUMBER(G55),OR(F55>G55,F55<0)),"土壤深度起迄錯誤；","")&IF(AND(L55="地下水",F55<>"",NOT(ISNUMBER(F55))),"水位須為數值；","")&IF(AND(L55="地下水",H55=""),"缺採樣方法；","")&IF(AND(B55<>"",L55=""),"監測點未建或重複；","")) | N55: =IF(A55="","",COUNTIF(Samples[樣品編號],A55))
A56: BH05-S_20260415_01 | B56: BH05-S | C56: 46127 | D56: Campaign 2 | E56: 0.5 | F56: 0 | G56: 1 | H56: 其他 | I56: 合成範例 | J56: 合成範例 | K56: 合成資料；來源 examples/demo/samples.csv；BH05-soil-2-1 | L56: =IF(B56="","",IF(COUNTIF(DB_03[監測點],B56)=1,INDEX(DB_03[預設介質],MATCH(B56,DB_03[監測點],0)),"")) | M56: =IF(COUNTA(A56:K56)=0,"",IF(A56="","缺樣品編號；","")&IF(AND(A56<>"",N56>1),"樣品編號重複；","")&IF(COUNTIFS(DB_03[監測點],B56,DB_03[預設介質],L56,DB_03[啟用],"是")<>1,"點位或介質待核；","")&IF(NOT(ISNUMBER(C56)),"缺採樣日期；","")&IF(AND(L56="土壤",OR(NOT(ISNUMBER(F56)),NOT(ISNUMBER(G56)))),"缺土壤深度；","")&IF(AND(L56="土壤",ISNUMBER(F56),ISNUMBER(G56),OR(F56>G56,F56<0)),"土壤深度起迄錯誤；","")&IF(AND(L56="地下水",F56<>"",NOT(ISNUMBER(F56))),"水位須為數值；","")&IF(AND(L56="地下水",H56=""),"缺採樣方法；","")&IF(AND(B56<>"",L56=""),"監測點未建或重複；","")) | N56: =IF(A56="","",COUNTIF(Samples[樣品編號],A56))
A57: BH05-W_20260415_01 | B57: BH05-W | C57: 46127 | D57: Campaign 2 | E57: 0.5 | F57: 0.2 | H57: 微洗井 | I57: 合成範例 | J57: 合成範例 | K57: 合成資料；來源 examples/demo/samples.csv；BH05-groundwater-2-1 | L57: =IF(B57="","",IF(COUNTIF(DB_03[監測點],B57)=1,INDEX(DB_03[預設介質],MATCH(B57,DB_03[監測點],0)),"")) | M57: =IF(COUNTA(A57:K57)=0,"",IF(A57="","缺樣品編號；","")&IF(AND(A57<>"",N57>1),"樣品編號重複；","")&IF(COUNTIFS(DB_03[監測點],B57,DB_03[預設介質],L57,DB_03[啟用],"是")<>1,"點位或介質待核；","")&IF(NOT(ISNUMBER(C57)),"缺採樣日期；","")&IF(AND(L57="土壤",OR(NOT(ISNUMBER(F57)),NOT(ISNUMBER(G57)))),"缺土壤深度；","")&IF(AND(L57="土壤",ISNUMBER(F57),ISNUMBER(G57),OR(F57>G57,F57<0)),"土壤深度起迄錯誤；","")&IF(AND(L57="地下水",F57<>"",NOT(ISNUMBER(F57))),"水位須為數值；","")&IF(AND(L57="地下水",H57=""),"缺採樣方法；","")&IF(AND(B57<>"",L57=""),"監測點未建或重複；","")) | N57: =IF(A57="","",COUNTIF(Samples[樣品編號],A57))
A58: BH05-S_20260415_02 | B58: BH05-S | C58: 46127 | D58: Campaign 2 | E58: 1.5 | F58: 1 | G58: 2 | H58: 其他 | I58: 合成範例 | J58: 合成範例 | K58: 合成資料；來源 examples/demo/samples.csv；BH05-soil-2-2 | L58: =IF(B58="","",IF(COUNTIF(DB_03[監測點],B58)=1,INDEX(DB_03[預設介質],MATCH(B58,DB_03[監測點],0)),"")) | M58: =IF(COUNTA(A58:K58)=0,"",IF(A58="","缺樣品編號；","")&IF(AND(A58<>"",N58>1),"樣品編號重複；","")&IF(COUNTIFS(DB_03[監測點],B58,DB_03[預設介質],L58,DB_03[啟用],"是")<>1,"點位或介質待核；","")&IF(NOT(ISNUMBER(C58)),"缺採樣日期；","")&IF(AND(L58="土壤",OR(NOT(ISNUMBER(F58)),NOT(ISNUMBER(G58)))),"缺土壤深度；","")&IF(AND(L58="土壤",ISNUMBER(F58),ISNUMBER(G58),OR(F58>G58,F58<0)),"土壤深度起迄錯誤；","")&IF(AND(L58="地下水",F58<>"",NOT(ISNUMBER(F58))),"水位須為數值；","")&IF(AND(L58="地下水",H58=""),"缺採樣方法；","")&IF(AND(B58<>"",L58=""),"監測點未建或重複；","")) | N58: =IF(A58="","",COUNTIF(Samples[樣品編號],A58))
A59: BH05-W_20260415_02 | B59: BH05-W | C59: 46127 | D59: Campaign 2 | E59: 1.5 | H59: 微洗井 | I59: 合成範例 | J59: 合成範例 | K59: 合成資料；來源 examples/demo/samples.csv；BH05-groundwater-2-2 | L59: =IF(B59="","",IF(COUNTIF(DB_03[監測點],B59)=1,INDEX(DB_03[預設介質],MATCH(B59,DB_03[監測點],0)),"")) | M59: =IF(COUNTA(A59:K59)=0,"",IF(A59="","缺樣品編號；","")&IF(AND(A59<>"",N59>1),"樣品編號重複；","")&IF(COUNTIFS(DB_03[監測點],B59,DB_03[預設介質],L59,DB_03[啟用],"是")<>1,"點位或介質待核；","")&IF(NOT(ISNUMBER(C59)),"缺採樣日期；","")&IF(AND(L59="土壤",OR(NOT(ISNUMBER(F59)),NOT(ISNUMBER(G59)))),"缺土壤深度；","")&IF(AND(L59="土壤",ISNUMBER(F59),ISNUMBER(G59),OR(F59>G59,F59<0)),"土壤深度起迄錯誤；","")&IF(AND(L59="地下水",F59<>"",NOT(ISNUMBER(F59))),"水位須為數值；","")&IF(AND(L59="地下水",H59=""),"缺採樣方法；","")&IF(AND(B59<>"",L59=""),"監測點未建或重複；","")) | N59: =IF(A59="","",COUNTIF(Samples[樣品編號],A59))
A60: BH05-S_20260415_03 | B60: BH05-S | C60: 46127 | D60: Campaign 2 | E60: 2.5 | F60: 2 | G60: 3 | H60: 其他 | I60: 合成範例 | J60: 合成範例 | K60: 合成資料；來源 examples/demo/samples.csv；BH05-soil-2-3 | L60: =IF(B60="","",IF(COUNTIF(DB_03[監測點],B60)=1,INDEX(DB_03[預設介質],MATCH(B60,DB_03[監測點],0)),"")) | M60: =IF(COUNTA(A60:K60)=0,"",IF(A60="","缺樣品編號；","")&IF(AND(A60<>"",N60>1),"樣品編號重複；","")&IF(COUNTIFS(DB_03[監測點],B60,DB_03[預設介質],L60,DB_03[啟用],"是")<>1,"點位或介質待核；","")&IF(NOT(ISNUMBER(C60)),"缺採樣日期；","")&IF(AND(L60="土壤",OR(NOT(ISNUMBER(F60)),NOT(ISNUMBER(G60)))),"缺土壤深度；","")&IF(AND(L60="土壤",ISNUMBER(F60),ISNUMBER(G60),OR(F60>G60,F60<0)),"土壤深度起迄錯誤；","")&IF(AND(L60="地下水",F60<>"",NOT(ISNUMBER(F60))),"水位須為數值；","")&IF(AND(L60="地下水",H60=""),"缺採樣方法；","")&IF(AND(B60<>"",L60=""),"監測點未建或重複；","")) | N60: =IF(A60="","",COUNTIF(Samples[樣品編號],A60))
A61: BH05-W_20260415_03 | B61: BH05-W | C61: 46127 | D61: Campaign 2 | E61: 2.5 | H61: 微洗井 | I61: 合成範例 | J61: 合成範例 | K61: 合成資料；來源 examples/demo/samples.csv；BH05-groundwater-2-3 | L61: =IF(B61="","",IF(COUNTIF(DB_03[監測點],B61)=1,INDEX(DB_03[預設介質],MATCH(B61,DB_03[監測點],0)),"")) | M61: =IF(COUNTA(A61:K61)=0,"",IF(A61="","缺樣品編號；","")&IF(AND(A61<>"",N61>1),"樣品編號重複；","")&IF(COUNTIFS(DB_03[監測點],B61,DB_03[預設介質],L61,DB_03[啟用],"是")<>1,"點位或介質待核；","")&IF(NOT(ISNUMBER(C61)),"缺採樣日期；","")&IF(AND(L61="土壤",OR(NOT(ISNUMBER(F61)),NOT(ISNUMBER(G61)))),"缺土壤深度；","")&IF(AND(L61="土壤",ISNUMBER(F61),ISNUMBER(G61),OR(F61>G61,F61<0)),"土壤深度起迄錯誤；","")&IF(AND(L61="地下水",F61<>"",NOT(ISNUMBER(F61))),"水位須為數值；","")&IF(AND(L61="地下水",H61=""),"缺採樣方法；","")&IF(AND(B61<>"",L61=""),"監測點未建或重複；","")) | N61: =IF(A61="","",COUNTIF(Samples[樣品編號],A61))
A62: BH06-S_20260115_01 | B62: BH06-S | C62: 46037 | D62: Campaign 1 | E62: 0.5 | F62: 0 | G62: 1 | H62: 其他 | I62: 合成範例 | J62: 合成範例 | K62: 合成資料；來源 examples/demo/samples.csv；BH06-soil-1-1 | L62: =IF(B62="","",IF(COUNTIF(DB_03[監測點],B62)=1,INDEX(DB_03[預設介質],MATCH(B62,DB_03[監測點],0)),"")) | M62: =IF(COUNTA(A62:K62)=0,"",IF(A62="","缺樣品編號；","")&IF(AND(A62<>"",N62>1),"樣品編號重複；","")&IF(COUNTIFS(DB_03[監測點],B62,DB_03[預設介質],L62,DB_03[啟用],"是")<>1,"點位或介質待核；","")&IF(NOT(ISNUMBER(C62)),"缺採樣日期；","")&IF(AND(L62="土壤",OR(NOT(ISNUMBER(F62)),NOT(ISNUMBER(G62)))),"缺土壤深度；","")&IF(AND(L62="土壤",ISNUMBER(F62),ISNUMBER(G62),OR(F62>G62,F62<0)),"土壤深度起迄錯誤；","")&IF(AND(L62="地下水",F62<>"",NOT(ISNUMBER(F62))),"水位須為數值；","")&IF(AND(L62="地下水",H62=""),"缺採樣方法；","")&IF(AND(B62<>"",L62=""),"監測點未建或重複；","")) | N62: =IF(A62="","",COUNTIF(Samples[樣品編號],A62))
A63: BH06-W_20260115_01 | B63: BH06-W | C63: 46037 | D63: Campaign 1 | E63: 0.5 | F63: 0.2 | H63: 微洗井 | I63: 合成範例 | J63: 合成範例 | K63: 合成資料；來源 examples/demo/samples.csv；BH06-groundwater-1-1 | L63: =IF(B63="","",IF(COUNTIF(DB_03[監測點],B63)=1,INDEX(DB_03[預設介質],MATCH(B63,DB_03[監測點],0)),"")) | M63: =IF(COUNTA(A63:K63)=0,"",IF(A63="","缺樣品編號；","")&IF(AND(A63<>"",N63>1),"樣品編號重複；","")&IF(COUNTIFS(DB_03[監測點],B63,DB_03[預設介質],L63,DB_03[啟用],"是")<>1,"點位或介質待核；","")&IF(NOT(ISNUMBER(C63)),"缺採樣日期；","")&IF(AND(L63="土壤",OR(NOT(ISNUMBER(F63)),NOT(ISNUMBER(G63)))),"缺土壤深度；","")&IF(AND(L63="土壤",ISNUMBER(F63),ISNUMBER(G63),OR(F63>G63,F63<0)),"土壤深度起迄錯誤；","")&IF(AND(L63="地下水",F63<>"",NOT(ISNUMBER(F63))),"水位須為數值；","")&IF(AND(L63="地下水",H63=""),"缺採樣方法；","")&IF(AND(B63<>"",L63=""),"監測點未建或重複；","")) | N63: =IF(A63="","",COUNTIF(Samples[樣品編號],A63))
A64: BH06-S_20260115_02 | B64: BH06-S | C64: 46037 | D64: Campaign 1 | E64: 1.5 | F64: 1 | G64: 2 | H64: 其他 | I64: 合成範例 | J64: 合成範例 | K64: 合成資料；來源 examples/demo/samples.csv；BH06-soil-1-2 | L64: =IF(B64="","",IF(COUNTIF(DB_03[監測點],B64)=1,INDEX(DB_03[預設介質],MATCH(B64,DB_03[監測點],0)),"")) | M64: =IF(COUNTA(A64:K64)=0,"",IF(A64="","缺樣品編號；","")&IF(AND(A64<>"",N64>1),"樣品編號重複；","")&IF(COUNTIFS(DB_03[監測點],B64,DB_03[預設介質],L64,DB_03[啟用],"是")<>1,"點位或介質待核；","")&IF(NOT(ISNUMBER(C64)),"缺採樣日期；","")&IF(AND(L64="土壤",OR(NOT(ISNUMBER(F64)),NOT(ISNUMBER(G64)))),"缺土壤深度；","")&IF(AND(L64="土壤",ISNUMBER(F64),ISNUMBER(G64),OR(F64>G64,F64<0)),"土壤深度起迄錯誤；","")&IF(AND(L64="地下水",F64<>"",NOT(ISNUMBER(F64))),"水位須為數值；","")&IF(AND(L64="地下水",H64=""),"缺採樣方法；","")&IF(AND(B64<>"",L64=""),"監測點未建或重複；","")) | N64: =IF(A64="","",COUNTIF(Samples[樣品編號],A64))
A65: BH06-W_20260115_02 | B65: BH06-W | C65: 46037 | D65: Campaign 1 | E65: 1.5 | H65: 微洗井 | I65: 合成範例 | J65: 合成範例 | K65: 合成資料；來源 examples/demo/samples.csv；BH06-groundwater-1-2 | L65: =IF(B65="","",IF(COUNTIF(DB_03[監測點],B65)=1,INDEX(DB_03[預設介質],MATCH(B65,DB_03[監測點],0)),"")) | M65: =IF(COUNTA(A65:K65)=0,"",IF(A65="","缺樣品編號；","")&IF(AND(A65<>"",N65>1),"樣品編號重複；","")&IF(COUNTIFS(DB_03[監測點],B65,DB_03[預設介質],L65,DB_03[啟用],"是")<>1,"點位或介質待核；","")&IF(NOT(ISNUMBER(C65)),"缺採樣日期；","")&IF(AND(L65="土壤",OR(NOT(ISNUMBER(F65)),NOT(ISNUMBER(G65)))),"缺土壤深度；","")&IF(AND(L65="土壤",ISNUMBER(F65),ISNUMBER(G65),OR(F65>G65,F65<0)),"土壤深度起迄錯誤；","")&IF(AND(L65="地下水",F65<>"",NOT(ISNUMBER(F65))),"水位須為數值；","")&IF(AND(L65="地下水",H65=""),"缺採樣方法；","")&IF(AND(B65<>"",L65=""),"監測點未建或重複；","")) | N65: =IF(A65="","",COUNTIF(Samples[樣品編號],A65))
A66: BH06-S_20260115_03 | B66: BH06-S | C66: 46037 | D66: Campaign 1 | E66: 2.5 | F66: 2 | G66: 3 | H66: 其他 | I66: 合成範例 | J66: 合成範例 | K66: 合成資料；來源 examples/demo/samples.csv；BH06-soil-1-3 | L66: =IF(B66="","",IF(COUNTIF(DB_03[監測點],B66)=1,INDEX(DB_03[預設介質],MATCH(B66,DB_03[監測點],0)),"")) | M66: =IF(COUNTA(A66:K66)=0,"",IF(A66="","缺樣品編號；","")&IF(AND(A66<>"",N66>1),"樣品編號重複；","")&IF(COUNTIFS(DB_03[監測點],B66,DB_03[預設介質],L66,DB_03[啟用],"是")<>1,"點位或介質待核；","")&IF(NOT(ISNUMBER(C66)),"缺採樣日期；","")&IF(AND(L66="土壤",OR(NOT(ISNUMBER(F66)),NOT(ISNUMBER(G66)))),"缺土壤深度；","")&IF(AND(L66="土壤",ISNUMBER(F66),ISNUMBER(G66),OR(F66>G66,F66<0)),"土壤深度起迄錯誤；","")&IF(AND(L66="地下水",F66<>"",NOT(ISNUMBER(F66))),"水位須為數值；","")&IF(AND(L66="地下水",H66=""),"缺採樣方法；","")&IF(AND(B66<>"",L66=""),"監測點未建或重複；","")) | N66: =IF(A66="","",COUNTIF(Samples[樣品編號],A66))
A67: BH06-W_20260115_03 | B67: BH06-W | C67: 46037 | D67: Campaign 1 | E67: 2.5 | H67: 微洗井 | I67: 合成範例 | J67: 合成範例 | K67: 合成資料；來源 examples/demo/samples.csv；BH06-groundwater-1-3 | L67: =IF(B67="","",IF(COUNTIF(DB_03[監測點],B67)=1,INDEX(DB_03[預設介質],MATCH(B67,DB_03[監測點],0)),"")) | M67: =IF(COUNTA(A67:K67)=0,"",IF(A67="","缺樣品編號；","")&IF(AND(A67<>"",N67>1),"樣品編號重複；","")&IF(COUNTIFS(DB_03[監測點],B67,DB_03[預設介質],L67,DB_03[啟用],"是")<>1,"點位或介質待核；","")&IF(NOT(ISNUMBER(C67)),"缺採樣日期；","")&IF(AND(L67="土壤",OR(NOT(ISNUMBER(F67)),NOT(ISNUMBER(G67)))),"缺土壤深度；","")&IF(AND(L67="土壤",ISNUMBER(F67),ISNUMBER(G67),OR(F67>G67,F67<0)),"土壤深度起迄錯誤；","")&IF(AND(L67="地下水",F67<>"",NOT(ISNUMBER(F67))),"水位須為數值；","")&IF(AND(L67="地下水",H67=""),"缺採樣方法；","")&IF(AND(B67<>"",L67=""),"監測點未建或重複；","")) | N67: =IF(A67="","",COUNTIF(Samples[樣品編號],A67))
A68: BH06-S_20260415_01 | B68: BH06-S | C68: 46127 | D68: Campaign 2 | E68: 0.5 | F68: 0 | G68: 1 | H68: 其他 | I68: 合成範例 | J68: 合成範例 | K68: 合成資料；來源 examples/demo/samples.csv；BH06-soil-2-1 | L68: =IF(B68="","",IF(COUNTIF(DB_03[監測點],B68)=1,INDEX(DB_03[預設介質],MATCH(B68,DB_03[監測點],0)),"")) | M68: =IF(COUNTA(A68:K68)=0,"",IF(A68="","缺樣品編號；","")&IF(AND(A68<>"",N68>1),"樣品編號重複；","")&IF(COUNTIFS(DB_03[監測點],B68,DB_03[預設介質],L68,DB_03[啟用],"是")<>1,"點位或介質待核；","")&IF(NOT(ISNUMBER(C68)),"缺採樣日期；","")&IF(AND(L68="土壤",OR(NOT(ISNUMBER(F68)),NOT(ISNUMBER(G68)))),"缺土壤深度；","")&IF(AND(L68="土壤",ISNUMBER(F68),ISNUMBER(G68),OR(F68>G68,F68<0)),"土壤深度起迄錯誤；","")&IF(AND(L68="地下水",F68<>"",NOT(ISNUMBER(F68))),"水位須為數值；","")&IF(AND(L68="地下水",H68=""),"缺採樣方法；","")&IF(AND(B68<>"",L68=""),"監測點未建或重複；","")) | N68: =IF(A68="","",COUNTIF(Samples[樣品編號],A68))
A69: BH06-W_20260415_01 | B69: BH06-W | C69: 46127 | D69: Campaign 2 | E69: 0.5 | F69: 0.2 | H69: 微洗井 | I69: 合成範例 | J69: 合成範例 | K69: 合成資料；來源 examples/demo/samples.csv；BH06-groundwater-2-1 | L69: =IF(B69="","",IF(COUNTIF(DB_03[監測點],B69)=1,INDEX(DB_03[預設介質],MATCH(B69,DB_03[監測點],0)),"")) | M69: =IF(COUNTA(A69:K69)=0,"",IF(A69="","缺樣品編號；","")&IF(AND(A69<>"",N69>1),"樣品編號重複；","")&IF(COUNTIFS(DB_03[監測點],B69,DB_03[預設介質],L69,DB_03[啟用],"是")<>1,"點位或介質待核；","")&IF(NOT(ISNUMBER(C69)),"缺採樣日期；","")&IF(AND(L69="土壤",OR(NOT(ISNUMBER(F69)),NOT(ISNUMBER(G69)))),"缺土壤深度；","")&IF(AND(L69="土壤",ISNUMBER(F69),ISNUMBER(G69),OR(F69>G69,F69<0)),"土壤深度起迄錯誤；","")&IF(AND(L69="地下水",F69<>"",NOT(ISNUMBER(F69))),"水位須為數值；","")&IF(AND(L69="地下水",H69=""),"缺採樣方法；","")&IF(AND(B69<>"",L69=""),"監測點未建或重複；","")) | N69: =IF(A69="","",COUNTIF(Samples[樣品編號],A69))
A70: BH06-S_20260415_02 | B70: BH06-S | C70: 46127 | D70: Campaign 2 | E70: 1.5 | F70: 1 | G70: 2 | H70: 其他 | I70: 合成範例 | J70: 合成範例 | K70: 合成資料；來源 examples/demo/samples.csv；BH06-soil-2-2 | L70: =IF(B70="","",IF(COUNTIF(DB_03[監測點],B70)=1,INDEX(DB_03[預設介質],MATCH(B70,DB_03[監測點],0)),"")) | M70: =IF(COUNTA(A70:K70)=0,"",IF(A70="","缺樣品編號；","")&IF(AND(A70<>"",N70>1),"樣品編號重複；","")&IF(COUNTIFS(DB_03[監測點],B70,DB_03[預設介質],L70,DB_03[啟用],"是")<>1,"點位或介質待核；","")&IF(NOT(ISNUMBER(C70)),"缺採樣日期；","")&IF(AND(L70="土壤",OR(NOT(ISNUMBER(F70)),NOT(ISNUMBER(G70)))),"缺土壤深度；","")&IF(AND(L70="土壤",ISNUMBER(F70),ISNUMBER(G70),OR(F70>G70,F70<0)),"土壤深度起迄錯誤；","")&IF(AND(L70="地下水",F70<>"",NOT(ISNUMBER(F70))),"水位須為數值；","")&IF(AND(L70="地下水",H70=""),"缺採樣方法；","")&IF(AND(B70<>"",L70=""),"監測點未建或重複；","")) | N70: =IF(A70="","",COUNTIF(Samples[樣品編號],A70))
A71: BH06-W_20260415_02 | B71: BH06-W | C71: 46127 | D71: Campaign 2 | E71: 1.5 | H71: 微洗井 | I71: 合成範例 | J71: 合成範例 | K71: 合成資料；來源 examples/demo/samples.csv；BH06-groundwater-2-2 | L71: =IF(B71="","",IF(COUNTIF(DB_03[監測點],B71)=1,INDEX(DB_03[預設介質],MATCH(B71,DB_03[監測點],0)),"")) | M71: =IF(COUNTA(A71:K71)=0,"",IF(A71="","缺樣品編號；","")&IF(AND(A71<>"",N71>1),"樣品編號重複；","")&IF(COUNTIFS(DB_03[監測點],B71,DB_03[預設介質],L71,DB_03[啟用],"是")<>1,"點位或介質待核；","")&IF(NOT(ISNUMBER(C71)),"缺採樣日期；","")&IF(AND(L71="土壤",OR(NOT(ISNUMBER(F71)),NOT(ISNUMBER(G71)))),"缺土壤深度；","")&IF(AND(L71="土壤",ISNUMBER(F71),ISNUMBER(G71),OR(F71>G71,F71<0)),"土壤深度起迄錯誤；","")&IF(AND(L71="地下水",F71<>"",NOT(ISNUMBER(F71))),"水位須為數值；","")&IF(AND(L71="地下水",H71=""),"缺採樣方法；","")&IF(AND(B71<>"",L71=""),"監測點未建或重複；","")) | N71: =IF(A71="","",COUNTIF(Samples[樣品編號],A71))
A72: BH06-S_20260415_03 | B72: BH06-S | C72: 46127 | D72: Campaign 2 | E72: 2.5 | F72: 2 | G72: 3 | H72: 其他 | I72: 合成範例 | J72: 合成範例 | K72: 合成資料；來源 examples/demo/samples.csv；BH06-soil-2-3 | L72: =IF(B72="","",IF(COUNTIF(DB_03[監測點],B72)=1,INDEX(DB_03[預設介質],MATCH(B72,DB_03[監測點],0)),"")) | M72: =IF(COUNTA(A72:K72)=0,"",IF(A72="","缺樣品編號；","")&IF(AND(A72<>"",N72>1),"樣品編號重複；","")&IF(COUNTIFS(DB_03[監測點],B72,DB_03[預設介質],L72,DB_03[啟用],"是")<>1,"點位或介質待核；","")&IF(NOT(ISNUMBER(C72)),"缺採樣日期；","")&IF(AND(L72="土壤",OR(NOT(ISNUMBER(F72)),NOT(ISNUMBER(G72)))),"缺土壤深度；","")&IF(AND(L72="土壤",ISNUMBER(F72),ISNUMBER(G72),OR(F72>G72,F72<0)),"土壤深度起迄錯誤；","")&IF(AND(L72="地下水",F72<>"",NOT(ISNUMBER(F72))),"水位須為數值；","")&IF(AND(L72="地下水",H72=""),"缺採樣方法；","")&IF(AND(B72<>"",L72=""),"監測點未建或重複；","")) | N72: =IF(A72="","",COUNTIF(Samples[樣品編號],A72))
A73: BH06-W_20260415_03 | B73: BH06-W | C73: 46127 | D73: Campaign 2 | E73: 2.5 | H73: 微洗井 | I73: 合成範例 | J73: 合成範例 | K73: 合成資料；來源 examples/demo/samples.csv；BH06-groundwater-2-3 | L73: =IF(B73="","",IF(COUNTIF(DB_03[監測點],B73)=1,INDEX(DB_03[預設介質],MATCH(B73,DB_03[監測點],0)),"")) | M73: =IF(COUNTA(A73:K73)=0,"",IF(A73="","缺樣品編號；","")&IF(AND(A73<>"",N73>1),"樣品編號重複；","")&IF(COUNTIFS(DB_03[監測點],B73,DB_03[預設介質],L73,DB_03[啟用],"是")<>1,"點位或介質待核；","")&IF(NOT(ISNUMBER(C73)),"缺採樣日期；","")&IF(AND(L73="土壤",OR(NOT(ISNUMBER(F73)),NOT(ISNUMBER(G73)))),"缺土壤深度；","")&IF(AND(L73="土壤",ISNUMBER(F73),ISNUMBER(G73),OR(F73>G73,F73<0)),"土壤深度起迄錯誤；","")&IF(AND(L73="地下水",F73<>"",NOT(ISNUMBER(F73))),"水位須為數值；","")&IF(AND(L73="地下水",H73=""),"缺採樣方法；","")&IF(AND(B73<>"",L73=""),"監測點未建或重複；","")) | N73: =IF(A73="","",COUNTIF(Samples[樣品編號],A73))

Sheet 02_分析資料庫
A1: 分析項目 | B1: 原始值 | C1: 結果單位 | D1: 備註 | E1: 監測點 | F1: 採樣日期 | G1: 解析值 | H1: 關聯鍵 | I1: 樣品索引 | J1: 介質 | K1: 標準單位 | L1: 換算係數 | M1: 正規字串 | N1: 限定符 | O1: 數字段 | P1: 原始數值或界限 | Q1: 原始值(標準單位) | R1: 管制設定值 | S1: 監測設定值 | T1: 測項索引 | U1: 標準索引 | V1: 測項鍵 | W1: 標準鍵 | X1: 結果識別鍵 | Y1: 樣品檢查 | Z1: 格式檢查 | AA1: 重複檢查 | AB1: 單位檢查 | AC1: 標準檢查 | AD1: 管制比較 | AE1: 監測比較 | AF1: 完整性檢查 | AG1: 解析規則 | AH1: 原始轉值 | AI1: 樣品位置
A2: 鋅 | B2: 74 | C2: mg/kg | D2: 合成資料，非實測；method=XRF; basis=dry | E2: =IF(OR(I2="",I2=0),"",IF(INDEX(Samples[監測點],I2)="","",INDEX(Samples[監測點],I2))) | F2: =IF(OR(I2="",I2=0),"",IF(INDEX(Samples[採樣日期],I2)="","",INDEX(Samples[採樣日期],I2))) | G2: =IF(OR(M2="",M2="NA",M2="N/A"),"",IF(OR(M2="ND",M2="N.D."),0,IFERROR(IF(OR(OR(ISNUMBER(SEARCH("%",O2)),ISNUMBER(SEARCH(" ",O2)),ISNUMBER(SEARCH(",",O2))),OR(SUBSTITUTE(SUBSTITUTE(SUBSTITUTE(SUBSTITUTE(SUBSTITUTE(SUBSTITUTE(SUBSTITUTE(SUBSTITUTE(SUBSTITUTE(SUBSTITUTE(SUBSTITUTE(SUBSTITUTE(SUBSTITUTE(SUBSTITUTE(SUBSTITUTE(SUBSTITUTE(SUBSTITUTE(SUBSTITUTE("x"&M2,"0",""),"1",""),"2",""),"3",""),"4",""),"5",""),"6",""),"7",""),"8",""),"9",""),".",""),"E",""),"+",""),"-",""),"<",""),">",""),"=","")," ","")<>"x",ISNUMBER(SEARCH("-",SUBSTITUTE(SUBSTITUTE("x"&MID(M2,2,99),"E-","E"),"E+","E"))),ISNUMBER(SEARCH("+",SUBSTITUTE(SUBSTITUTE("x"&MID(M2,2,99),"E-","E"),"E+","E"))))),"",IF(AND(OR(LEFT(M2,1)="<",LEFT(M2,1)=">"),IF(O2="",0,IF(ISNUMBER(AH2),AH2,NA()))<0),"",IF(O2="",0,IF(ISNUMBER(AH2),AH2,NA()))/IF(LEFT(M2,1)="<",2,1))),""))) | H2: BH01-S_20260115_01 | I2: =IF(OR(H2="",AI2=0),0,IF(INDEX(Samples[樣品重複筆數],AI2)=1,AI2,0)) | J2: =IF(OR(COUNTA($A2:$D2)=0,I2=0),"",IF(INDEX(Samples[介質],I2)="","",INDEX(Samples[介質],I2))) | K2: =IF(OR(COUNTA($A2:$D2)=0,T2=0),"",IF(INDEX(DB_04[標準單位],T2)="","",INDEX(DB_04[標準單位],T2))) | L2: =IF(COUNTA($A2:$D2)=0,"",IF(OR(C2="",K2=""),"",IF(C2=K2,1,IF(COUNTIFS(DB_06[換算鍵],C2&"|"&K2,DB_06[換算檢查],"OK")=1,INDEX(DB_06[乘數],MATCH(C2&"|"&K2,DB_06[換算鍵],0)),"")))) | M2: =UPPER(SUBSTITUTE(SUBSTITUTE(SUBSTITUTE(SUBSTITUTE(TRIM(B2&""),"＜","<"),"＞",">"),"≤","<="),"≥",">=")) | N2: =IF(M2="","",IF(OR(M2="ND",M2="N.D."),"ND",IF(OR(M2="NA",M2="N/A",M2="N.A."),"NA",IF(OR(LEFT(M2,2)="<=",LEFT(M2,2)=">="),LEFT(M2,2),IF(OR(LEFT(M2,1)="<",LEFT(M2,1)=">"),LEFT(M2,1),"數值"))))) | O2: =IF(OR(N2="",N2="ND",N2="NA"),"",IF(N2="數值",M2,TRIM(MID(M2,LEN(N2)+1,99)))) | P2: =IF(O2="","",IFERROR(IF(OR(OR(ISNUMBER(SEARCH("%",O2)),ISNUMBER(SEARCH(" ",O2)),ISNUMBER(SEARCH(",",O2))),OR(SUBSTITUTE(SUBSTITUTE(SUBSTITUTE(SUBSTITUTE(SUBSTITUTE(SUBSTITUTE(SUBSTITUTE(SUBSTITUTE(SUBSTITUTE(SUBSTITUTE(SUBSTITUTE(SUBSTITUTE(SUBSTITUTE(SUBSTITUTE(SUBSTITUTE(SUBSTITUTE(SUBSTITUTE(SUBSTITUTE("x"&O2,"0",""),"1",""),"2",""),"3",""),"4",""),"5",""),"6",""),"7",""),"8",""),"9",""),".",""),"E",""),"+",""),"-",""),"<",""),">",""),"=","")," ","")<>"x",ISNUMBER(SEARCH("-",SUBSTITUTE(SUBSTITUTE("x"&MID(O2,2,99),"E-","E"),"E+","E"))),ISNUMBER(SEARCH("+",SUBSTITUTE(SUBSTITUTE("x"&MID(O2,2,99),"E-","E"),"E+","E"))))),"",IF(ISNUMBER(AH2),AH2,NA())),"")) | Q2: =IF(AND(ISNUMBER(L2),ISNUMBER(P2)),L2*P2,"") | R2: =IF(OR(COUNTA($A2:$D2)=0,U2=0),"",IF(INDEX(DB_05[管制設定值],U2)="","",INDEX(DB_05[管制設定值],U2))) | S2: =IF(OR(COUNTA($A2:$D2)=0,U2=0),"",IF(INDEX(DB_05[監測設定值],U2)="","",INDEX(DB_05[監測設定值],U2))) | T2: =IF(COUNTA($A2:$D2)=0,"",IF(COUNTIFS(DB_04[測項鍵],V2)=1,MATCH(V2,DB_04[測項鍵],0),0)) | U2: =IF(COUNTA($A2:$D2)=0,"",IF(COUNTIFS(DB_05[標準鍵],W2)=1,MATCH(W2,DB_05[標準鍵],0),0)) | V2: =IF(OR(J2="",A2=""),"",J2&"|"&A2) | W2: =IF(OR('07_QAQC'!$C$3="",V2=""),"",'07_QAQC'!$C$3&"|"&V2) | X2: =IF(OR(H2="",A2=""),"",LEN(H2)&":"&H2&LEN(A2)&":"&A2) | Y2: =IF(COUNTA($A2:$D2)=0,"",IF(I2=0,"樣品未建或重複",IF(INDEX(Samples[樣品檢查],I2)="","OK",INDEX(Samples[樣品檢查],I2)))) | Z2: =IF(COUNTA($A2:$D2)=0,"",IF(B2="","缺原始值",IF(OR(B2="-",B2="--"),"無資料",IF(N2="NA","不適用",IF(N2="ND","OK",IF(NOT(ISNUMBER(P2)),"格式待核",IF(AND(N2<>"數值",P2<0),"界限不得為負","OK"))))))) | AA2: =IF(COUNTA(A2:D2)=0,"",IF(OR(A2="",H2=""),"缺識別欄位",IF(IF(LEN("="&SUBSTITUTE(SUBSTITUTE(SUBSTITUTE(X2,"~","~~"),"*","~*"),"?","~?"))<=255,COUNTIF(Results[結果識別鍵],"="&SUBSTITUTE(SUBSTITUTE(SUBSTITUTE(X2,"~","~~"),"*","~*"),"?","~?")),COUNTIFS(Results[關聯鍵],"="&SUBSTITUTE(SUBSTITUTE(SUBSTITUTE(H2,"~","~~"),"*","~*"),"?","~?"),Results[分析項目],"="&SUBSTITUTE(SUBSTITUTE(SUBSTITUTE(A2,"~","~~"),"*","~*"),"?","~?")))>1,"同關聯鍵測項重複","OK"))) | AB2: =IF(COUNTA($A2:$D2)=0,"",IF(OR(C2="",K2=""),"缺單位",IF(NOT(ISNUMBER(L2)),"單位不相容",IF(L2=1,"OK","已換算")))) | AC2: =IF(COUNTA($A2:$D2)=0,"",IF('07_QAQC'!$C$3="","未選比較版本",IF(U2=0,IF(COUNTIFS(DB_05[標準鍵],W2)>1,"標準鍵重複","未訂此介質／測項門檻"),IF(INDEX(DB_05[版本檢查],U2)<>"OK","標準主檔待核",IF(INDEX(DB_05[標準單位],U2)<>K2,"標準單位不符",IF(INDEX(DB_05[核對狀態],U2)="停用","停用",IF(F2="","缺採樣日期",IF(OR(AND(INDEX(DB_05[生效日],U2)<>"",F2<INDEX(DB_05[生效日],U2)),AND(INDEX(DB_05[失效日],U2)<>"",F2>INDEX(DB_05[失效日],U2))),"日期不適用",INDEX(DB_05[核對狀態],U2))))))))) | AD2: =IF(COUNTA($A2:$D2)=0,"",IF(AC2="未訂此介質／測項門檻",AC2,IF(AC2<>"已核對","標準待核",IF(R2="","未訂管制值",IF(NOT(ISNUMBER(L2)),"單位待核",IF(N2="ND","無法判定（ND無界限）",IF(N2="NA","不適用",IF(Z2<>"OK",Z2,IF(N2="數值",IF(Q2>=R2,"達管制值","未達管制值"),IF(OR(N2="<",N2="<="),IF(OR(Q2<R2,AND(N2="<",Q2=R2)),"未達管制值","無法判定"),IF(OR(N2=">",N2=">="),IF(Q2>=R2,"達管制值","無法判定"),"格式待核"))))))))))) | AE2: =IF(COUNTA($A2:$D2)=0,"",IF(AC2="未訂此介質／測項門檻",AC2,IF(AC2<>"已核對","標準待核",IF(S2="","未訂監測值",IF(NOT(ISNUMBER(L2)),"單位待核",IF(N2="ND","無法判定（ND無界限）",IF(N2="NA","不適用",IF(Z2<>"OK",Z2,IF(N2="數值",IF(Q2>=S2,"達監測值","未達監測值"),IF(OR(N2="<",N2="<="),IF(OR(Q2<S2,AND(N2="<",Q2=S2)),"未達監測值","無法判定"),IF(OR(N2=">",N2=">="),IF(Q2>=S2,"達監測值","無法判定"),"格式待核"))))))))))) | AF2: =IF(COUNTA($A2:$D2)=0,"",IF(OR(E2="",A2="",B2="",C2=""),"缺必要欄位",IF(Y2<>"OK","樣品資料待補",IF(T2=0,"測項未建或重複",IF(INDEX(DB_04[啟用],T2)<>"是","測項停用",IF(AND(Z2<>"OK",Z2<>"不適用"),Z2,IF(AND(AB2<>"OK",AB2<>"已換算"),"單位待核",IF(AA2<>"OK",AA2,"OK")))))))) | AG2: =IF(COUNTA($A2:$D2)=0,"",IF(N2="ND","ND取0",IF(OR(N2="<",N2="<="),"界限除以2",IF(N2="NA","不適用",IF(OR(N2=">",N2=">="),"保留界限數值","保留原數值"))))) | AH2: =IF(O2="","",IFERROR(_xlfn.NUMBERVALUE(O2,".",","),"")) | AI2: =IF(H2="","",IFERROR(MATCH(H2,Samples[樣品編號],0),0))
A3: 總有機碳 | B3: 0.26 | C3: % | D3: 合成資料，非實測；method=lab; basis=dry | E3: =IF(OR(I3="",I3=0),"",IF(INDEX(Samples[監測點],I3)="","",INDEX(Samples[監測點],I3))) | F3: =IF(OR(I3="",I3=0),"",IF(INDEX(Samples[採樣日期],I3)="","",INDEX(Samples[採樣日期],I3))) | G3: =IF(OR(M3="",M3="NA",M3="N/A"),"",IF(OR(M3="ND",M3="N.D."),0,IFERROR(IF(OR(OR(ISNUMBER(SEARCH("%",O3)),ISNUMBER(SEARCH(" ",O3)),ISNUMBER(SEARCH(",",O3))),OR(SUBSTITUTE(SUBSTITUTE(SUBSTITUTE(SUBSTITUTE(SUBSTITUTE(SUBSTITUTE(SUBSTITUTE(SUBSTITUTE(SUBSTITUTE(SUBSTITUTE(SUBSTITUTE(SUBSTITUTE(SUBSTITUTE(SUBSTITUTE(SUBSTITUTE(SUBSTITUTE(SUBSTITUTE(SUBSTITUTE("x"&M3,"0",""),"1",""),"2",""),"3",""),"4",""),"5",""),"6",""),"7",""),"8",""),"9",""),".",""),"E",""),"+",""),"-",""),"<",""),">",""),"=","")," ","")<>"x",ISNUMBER(SEARCH("-",SUBSTITUTE(SUBSTITUTE("x"&MID(M3,2,99),"E-","E"),"E+","E"))),ISNUMBER(SEARCH("+",SUBSTITUTE(SUBSTITUTE("x"&MID(M3,2,99),"E-","E"),"E+","E"))))),"",IF(AND(OR(LEFT(M3,1)="<",LEFT(M3,1)=">"),IF(O3="",0,IF(ISNUMBER(AH3),AH3,NA()))<0),"",IF(O3="",0,IF(ISNUMBER(AH3),AH3,NA()))/IF(LEFT(M3,1)="<",2,1))),""))) | H3: BH01-S_20260115_01 | I3: =IF(OR(H3="",AI3=0),0,IF(INDEX(Samples[樣品重複筆數],AI3)=1,AI3,0)) | J3: =IF(OR(COUNTA($A3:$D3)=0,I3=0),"",IF(INDEX(Samples[介質],I3)="","",INDEX(Samples[介質],I3))) | K3: =IF(OR(COUNTA($A3:$D3)=0,T3=0),"",IF(INDEX(DB_04[標準單位],T3)="","",INDEX(DB_04[標準單位],T3))) | L3: =IF(COUNTA($A3:$D3)=0,"",IF(OR(C3="",K3=""),"",IF(C3=K3,1,IF(COUNTIFS(DB_06[換算鍵],C3&"|"&K3,DB_06[換算檢查],"OK")=1,INDEX(DB_06[乘數],MATCH(C3&"|"&K3,DB_06[換算鍵],0)),"")))) | M3: =UPPER(SUBSTITUTE(SUBSTITUTE(SUBSTITUTE(SUBSTITUTE(TRIM(B3&""),"＜","<"),"＞",">"),"≤","<="),"≥",">=")) | N3: =IF(M3="","",IF(OR(M3="ND",M3="N.D."),"ND",IF(OR(M3="NA",M3="N/A",M3="N.A."),"NA",IF(OR(LEFT(M3,2)="<=",LEFT(M3,2)=">="),LEFT(M3,2),IF(OR(LEFT(M3,1)="<",LEFT(M3,1)=">"),LEFT(M3,1),"數值"))))) | O3: =IF(OR(N3="",N3="ND",N3="NA"),"",IF(N3="數值",M3,TRIM(MID(M3,LEN(N3)+1,99)))) | P3: =IF(O3="","",IFERROR(IF(OR(OR(ISNUMBER(SEARCH("%",O3)),ISNUMBER(SEARCH(" ",O3)),ISNUMBER(SEARCH(",",O3))),OR(SUBSTITUTE(SUBSTITUTE(SUBSTITUTE(SUBSTITUTE(SUBSTITUTE(SUBSTITUTE(SUBSTITUTE(SUBSTITUTE(SUBSTITUTE(SUBSTITUTE(SUBSTITUTE(SUBSTITUTE(SUBSTITUTE(SUBSTITUTE(SUBSTITUTE(SUBSTITUTE(SUBSTITUTE(SUBSTITUTE("x"&O3,"0",""),"1",""),"2",""),"3",""),"4",""),"5",""),"6",""),"7",""),"8",""),"9",""),".",""),"E",""),"+",""),"-",""),"<",""),">",""),"=","")," ","")<>"x",ISNUMBER(SEARCH("-",SUBSTITUTE(SUBSTITUTE("x"&MID(O3,2,99),"E-","E"),"E+","E"))),ISNUMBER(SEARCH("+",SUBSTITUTE(SUBSTITUTE("x"&MID(O3,2,99),"E-","E"),"E+","E"))))),"",IF(ISNUMBER(AH3),AH3,NA())),"")) | Q3: =IF(AND(ISNUMBER(L3),ISNUMBER(P3)),L3*P3,"") | R3: =IF(OR(COUNTA($A3:$D3)=0,U3=0),"",IF(INDEX(DB_05[管制設定值],U3)="","",INDEX(DB_05[管制設定值],U3))) | S3: =IF(OR(COUNTA($A3:$D3)=0,U3=0),"",IF(INDEX(DB_05[監測設定值],U3)="","",INDEX(DB_05[監測設定值],U3))) | T3: =IF(COUNTA($A3:$D3)=0,"",IF(COUNTIFS(DB_04[測項鍵],V3)=1,MATCH(V3,DB_04[測項鍵],0),0)) | U3: =IF(COUNTA($A3:$D3)=0,"",IF(COUNTIFS(DB_05[標準鍵],W3)=1,MATCH(W3,DB_05[標準鍵],0),0)) | V3: =IF(OR(J3="",A3=""),"",J3&"|"&A3) | W3: =IF(OR('07_QAQC'!$C$3="",V3=""),"",'07_QAQC'!$C$3&"|"&V3) | X3: =IF(OR(H3="",A3=""),"",LEN(H3)&":"&H3&LEN(A3)&":"&A3) | Y3: =IF(COUNTA($A3:$D3)=0,"",IF(I3=0,"樣品未建或重複",IF(INDEX(Samples[樣品檢查],I3)="","OK",INDEX(Samples[樣品檢查],I3)))) | Z3: =IF(COUNTA($A3:$D3)=0,"",IF(B3="","缺原始值",IF(OR(B3="-",B3="--"),"無資料",IF(N3="NA","不適用",IF(N3="ND","OK",IF(NOT(ISNUMBER(P3)),"格式待核",IF(AND(N3<>"數值",P3<0),"界限不得為負","OK"))))))) | AA3: =IF(COUNTA(A3:D3)=0,"",IF(OR(A3="",H3=""),"缺識別欄位",IF(IF(LEN("="&SUBSTITUTE(SUBSTITUTE(SUBSTITUTE(X3,"~","~~"),"*","~*"),"?","~?"))<=255,COUNTIF(Results[結果識別鍵],"="&SUBSTITUTE(SUBSTITUTE(SUBSTITUTE(X3,"~","~~"),"*","~*"),"?","~?")),COUNTIFS(Results[關聯鍵],"="&SUBSTITUTE(SUBSTITUTE(SUBSTITUTE(H3,"~","~~"),"*","~*"),"?","~?"),Results[分析項目],"="&SUBSTITUTE(SUBSTITUTE(SUBSTITUTE(A3,"~","~~"),"*","~*"),"?","~?")))>1,"同關聯鍵測項重複","OK"))) | AB3: =IF(COUNTA($A3:$D3)=0,"",IF(OR(C3="",K3=""),"缺單位",IF(NOT(ISNUMBER(L3)),"單位不相容",IF(L3=1,"OK","已換算")))) | AC3: =IF(COUNTA($A3:$D3)=0,"",IF('07_QAQC'!$C$3="","未選比較版本",IF(U3=0,IF(COUNTIFS(DB_05[標準鍵],W3)>1,"標準鍵重複","未訂此介質／測項門檻"),IF(INDEX(DB_05[版本檢查],U3)<>"OK","標準主檔待核",IF(INDEX(DB_05[標準單位],U3)<>K3,"標準單位不符",IF(INDEX(DB_05[核對狀態],U3)="停用","停用",IF(F3="","缺採樣日期",IF(OR(AND(INDEX(DB_05[生效日],U3)<>"",F3<INDEX(DB_05[生效日],U3)),AND(INDEX(DB_05[失效日],U3)<>"",F3>INDEX(DB_05[失效日],U3))),"日期不適用",INDEX(DB_05[核對狀態],U3))))))))) | AD3: =IF(COUNTA($A3:$D3)=0,"",IF(AC3="未訂此介質／測項門檻",AC3,IF(AC3<>"已核對","標準待核",IF(R3="","未訂管制值",IF(NOT(ISNUMBER(L3)),"單位待核",IF(N3="ND","無法判定（ND無界限）",IF(N3="NA","不適用",IF(Z3<>"OK",Z3,IF(N3="數值",IF(Q3>=R3,"達管制值","未達管制值"),IF(OR(N3="<",N3="<="),IF(OR(Q3<R3,AND(N3="<",Q3=R3)),"未達管制值","無法判定"),IF(OR(N3=">",N3=">="),IF(Q3>=R3,"達管制值","無法判定"),"格式待核"))))))))))) | AE3: =IF(COUNTA($A3:$D3)=0,"",IF(AC3="未訂此介質／測項門檻",AC3,IF(AC3<>"已核對","標準待核",IF(S3="","未訂監測值",IF(NOT(ISNUMBER(L3)),"單位待核",IF(N3="ND","無法判定（ND無界限）",IF(N3="NA","不適用",IF(Z3<>"OK",Z3,IF(N3="數值",IF(Q3>=S3,"達監測值","未達監測值"),IF(OR(N3="<",N3="<="),IF(OR(Q3<S3,AND(N3="<",Q3=S3)),"未達監測值","無法判定"),IF(OR(N3=">",N3=">="),IF(Q3>=S3,"達監測值","無法判定"),"格式待核"))))))))))) | AF3: =IF(COUNTA($A3:$D3)=0,"",IF(OR(E3="",A3="",B3="",C3=""),"缺必要欄位",IF(Y3<>"OK","樣品資料待補",IF(T3=0,"測項未建或重複",IF(INDEX(DB_04[啟用],T3)<>"是","測項停用",IF(AND(Z3<>"OK",Z3<>"不適用"),Z3,IF(AND(AB3<>"OK",AB3<>"已換算"),"單位待核",IF(AA3<>"OK",AA3,"OK")))))))) | AG3: =IF(COUNTA($A3:$D3)=0,"",IF(N3="ND","ND取0",IF(OR(N3="<",N3="<="),"界限除以2",IF(N3="NA","不適用",IF(OR(N3=">",N3=">="),"保留界限數值","保留原數值"))))) | AH3: =IF(O3="","",IFERROR(_xlfn.NUMBERVALUE(O3,".",","),"")) | AI3: =IF(H3="","",IFERROR(MATCH(H3,Samples[樣品編號],0),0))
A4: pH | B4: 6.49 | C4: 無因次 | D4: 合成資料，非實測；method=field | E4: =IF(OR(I4="",I4=0),"",IF(INDEX(Samples[監測點],I4)="","",INDEX(Samples[監測點],I4))) | F4: =IF(OR(I4="",I4=0),"",IF(INDEX(Samples[採樣日期],I4)="","",INDEX(Samples[採樣日期],I4))) | G4: =IF(OR(M4="",M4="NA",M4="N/A"),"",IF(OR(M4="ND",M4="N.D."),0,IFERROR(IF(OR(OR(ISNUMBER(SEARCH("%",O4)),ISNUMBER(SEARCH(" ",O4)),ISNUMBER(SEARCH(",",O4))),OR(SUBSTITUTE(SUBSTITUTE(SUBSTITUTE(SUBSTITUTE(SUBSTITUTE(SUBSTITUTE(SUBSTITUTE(SUBSTITUTE(SUBSTITUTE(SUBSTITUTE(SUBSTITUTE(SUBSTITUTE(SUBSTITUTE(SUBSTITUTE(SUBSTITUTE(SUBSTITUTE(SUBSTITUTE(SUBSTITUTE("x"&M4,"0",""),"1",""),"2",""),"3",""),"4",""),"5",""),"6",""),"7",""),"8",""),"9",""),".",""),"E",""),"+",""),"-",""),"<",""),">",""),"=","")," ","")<>"x",ISNUMBER(SEARCH("-",SUBSTITUTE(SUBSTITUTE("x"&MID(M4,2,99),"E-","E"),"E+","E"))),ISNUMBER(SEARCH("+",SUBSTITUTE(SUBSTITUTE("x"&MID(M4,2,99),"E-","E"),"E+","E"))))),"",IF(AND(OR(LEFT(M4,1)="<",LEFT(M4,1)=">"),IF(O4="",0,IF(ISNUMBER(AH4),AH4,NA()))<0),"",IF(O4="",0,IF(ISNUMBER(AH4),AH4,NA()))/IF(LEFT(M4,1)="<",2,1))),""))) | H4: BH01-W_20260115_01 | I4: =IF(OR(H4="",AI4=0),0,IF(INDEX(Samples[樣品重複筆數],AI4)=1,AI4,0)) | J4: =IF(OR(COUNTA($A4:$D4)=0,I4=0),"",IF(INDEX(Samples[介質],I4)="","",INDEX(Samples[介質],I4))) | K4: =IF(OR(COUNTA($A4:$D4)=0,T4=0),"",IF(INDEX(DB_04[標準單位],T4)="","",INDEX(DB_04[標準單位],T4))) | L4: =IF(COUNTA($A4:$D4)=0,"",IF(OR(C4="",K4=""),"",IF(C4=K4,1,IF(COUNTIFS(DB_06[換算鍵],C4&"|"&K4,DB_06[換算檢查],"OK")=1,INDEX(DB_06[乘數],MATCH(C4&"|"&K4,DB_06[換算鍵],0)),"")))) | M4: =UPPER(SUBSTITUTE(SUBSTITUTE(SUBSTITUTE(SUBSTITUTE(TRIM(B4&""),"＜","<"),"＞",">"),"≤","<="),"≥",">=")) | N4: =IF(M4="","",IF(OR(M4="ND",M4="N.D."),"ND",IF(OR(M4="NA",M4="N/A",M4="N.A."),"NA",IF(OR(LEFT(M4,2)="<=",LEFT(M4,2)=">="),LEFT(M4,2),IF(OR(LEFT(M4,1)="<",LEFT(M4,1)=">"),LEFT(M4,1),"數值"))))) | O4: =IF(OR(N4="",N4="ND",N4="NA"),"",IF(N4="數值",M4,TRIM(MID(M4,LEN(N4)+1,99)))) | P4: =IF(O4="","",IFERROR(IF(OR(OR(ISNUMBER(SEARCH("%",O4)),ISNUMBER(SEARCH(" ",O4)),ISNUMBER(SEARCH(",",O4))),OR(SUBSTITUTE(SUBSTITUTE(SUBSTITUTE(SUBSTITUTE(SUBSTITUTE(SUBSTITUTE(SUBSTITUTE(SUBSTITUTE(SUBSTITUTE(SUBSTITUTE(SUBSTITUTE(SUBSTITUTE(SUBSTITUTE(SUBSTITUTE(SUBSTITUTE(SUBSTITUTE(SUBSTITUTE(SUBSTITUTE("x"&O4,"0",""),"1",""),"2",""),"3",""),"4",""),"5",""),"6",""),"7",""),"8",""),"9",""),".",""),"E",""),"+",""),"-",""),"<",""),">",""),"=","")," ","")<>"x",ISNUMBER(SEARCH("-",SUBSTITUTE(SUBSTITUTE("x"&MID(O4,2,99),"E-","E"),"E+","E"))),ISNUMBER(SEARCH("+",SUBSTITUTE(SUBSTITUTE("x"&MID(O4,2,99),"E-","E"),"E+","E"))))),"",IF(ISNUMBER(AH4),AH4,NA())),"")) | Q4: =IF(AND(ISNUMBER(L4),ISNUMBER(P4)),L4*P4,"") | R4: =IF(OR(COUNTA($A4:$D4)=0,U4=0),"",IF(INDEX(DB_05[管制設定值],U4)="","",INDEX(DB_05[管制設定值],U4))) | S4: =IF(OR(COUNTA($A4:$D4)=0,U4=0),"",IF(INDEX(DB_05[監測設定值],U4)="","",INDEX(DB_05[監測設定值],U4))) | T4: =IF(COUNTA($A4:$D4)=0,"",IF(COUNTIFS(DB_04[測項鍵],V4)=1,MATCH(V4,DB_04[測項鍵],0),0)) | U4: =IF(COUNTA($A4:$D4)=0,"",IF(COUNTIFS(DB_05[標準鍵],W4)=1,MATCH(W4,DB_05[標準鍵],0),0)) | V4: =IF(OR(J4="",A4=""),"",J4&"|"&A4) | W4: =IF(OR('07_QAQC'!$C$3="",V4=""),"",'07_QAQC'!$C$3&"|"&V4) | X4: =IF(OR(H4="",A4=""),"",LEN(H4)&":"&H4&LEN(A4)&":"&A4) | Y4: =IF(COUNTA($A4:$D4)=0,"",IF(I4=0,"樣品未建或重複",IF(INDEX(Samples[樣品檢查],I4)="","OK",INDEX(Samples[樣品檢查],I4)))) | Z4: =IF(COUNTA($A4:$D4)=0,"",IF(B4="","缺原始值",IF(OR(B4="-",B4="--"),"無資料",IF(N4="NA","不適用",IF(N4="ND","OK",IF(NOT(ISNUMBER(P4)),"格式待核",IF(AND(N4<>"數值",P4<0),"界限不得為負","OK"))))))) | AA4: =IF(COUNTA(A4:D4)=0,"",IF(OR(A4="",H4=""),"缺識別欄位",IF(IF(LEN("="&SUBSTITUTE(SUBSTITUTE(SUBSTITUTE(X4,"~","~~"),"*","~*"),"?","~?"))<=255,COUNTIF(Results[結果識別鍵],"="&SUBSTITUTE(SUBSTITUTE(SUBSTITUTE(X4,"~","~~"),"*","~*"),"?","~?")),COUNTIFS(Results[關聯鍵],"="&SUBSTITUTE(SUBSTITUTE(SUBSTITUTE(H4,"~","~~"),"*","~*"),"?","~?"),Results[分析項目],"="&SUBSTITUTE(SUBSTITUTE(SUBSTITUTE(A4,"~","~~"),"*","~*"),"?","~?")))>1,"同關聯鍵測項重複","OK"))) | AB4: =IF(COUNTA($A4:$D4)=0,"",IF(OR(C4="",K4=""),"缺單位",IF(NOT(ISNUMBER(L4)),"單位不相容",IF(L4=1,"OK","已換算")))) | AC4: =IF(COUNTA($A4:$D4)=0,"",IF('07_QAQC'!$C$3="","未選比較版本",IF(U4=0,IF(COUNTIFS(DB_05[標準鍵],W4)>1,"標準鍵重複","未訂此介質／測項門檻"),IF(INDEX(DB_05[版本檢查],U4)<>"OK","標準主檔待核",IF(INDEX(DB_05[標準單位],U4)<>K4,"標準單位不符",IF(INDEX(DB_05[核對狀態],U4)="停用","停用",IF(F4="","缺採樣日期",IF(OR(AND(INDEX(DB_05[生效日],U4)<>"",F4<INDEX(DB_05[生效日],U4)),AND(INDEX(DB_05[失效日],U4)<>"",F4>INDEX(DB_05[失效日],U4))),"日期不適用",INDEX(DB_05[核對狀態],U4))))))))) | AD4: =IF(COUNTA($A4:$D4)=0,"",IF(AC4="未訂此介質／測項門檻",AC4,IF(AC4<>"已核對","標準待核",IF(R4="","未訂管制值",IF(NOT(ISNUMBER(L4)),"單位待核",IF(N4="ND","無法判定（ND無界限）",IF(N4="NA","不適用",IF(Z4<>"OK",Z4,IF(N4="數值",IF(Q4>=R4,"達管制值","未達管制值"),IF(OR(N4="<",N4="<="),IF(OR(Q4<R4,AND(N4="<",Q4=R4)),"未達管制值","無法判定"),IF(OR(N4=">",N4=">="),IF(Q4>=R4,"達管制值","無法判定"),"格式待核"))))))))))) | AE4: =IF(COUNTA($A4:$D4)=0,"",IF(AC4="未訂此介質／測項門檻",AC4,IF(AC4<>"已核對","標準待核",IF(S4="","未訂監測值",IF(NOT(ISNUMBER(L4)),"單位待核",IF(N4="ND","無法判定（ND無界限）",IF(N4="NA","不適用",IF(Z4<>"OK",Z4,IF(N4="數值",IF(Q4>=S4,"達監測值","未達監測值"),IF(OR(N4="<",N4="<="),IF(OR(Q4<S4,AND(N4="<",Q4=S4)),"未達監測值","無法判定"),IF(OR(N4=">",N4=">="),IF(Q4>=S4,"達監測值","無法判定"),"格式待核"))))))))))) | AF4: =IF(COUNTA($A4:$D4)=0,"",IF(OR(E4="",A4="",B4="",C4=""),"缺必要欄位",IF(Y4<>"OK","樣品資料待補",IF(T4=0,"測項未建或重複",IF(INDEX(DB_04[啟用],T4)<>"是","測項停用",IF(AND(Z4<>"OK",Z4<>"不適用"),Z4,IF(AND(AB4<>"OK",AB4<>"已換算"),"單位待核",IF(AA4<>"OK",AA4,"OK")))))))) | AG4: =IF(COUNTA($A4:$D4)=0,"",IF(N4="ND","ND取0",IF(OR(N4="<",N4="<="),"界限除以2",IF(N4="NA","不適用",IF(OR(N4=">",N4=">="),"保留界限數值","保留原數值"))))) | AH4: =IF(O4="","",IFERROR(_xlfn.NUMBERVALUE(O4,".",","),"")) | AI4: =IF(H4="","",IFERROR(MATCH(H4,Samples[樣品編號],0),0))
A5: EC | B5: 0.43 | C5: mS/cm | D5: 合成資料，非實測；method=field; temperature=25; temperature_compensated=25C; reference_temperature=25 | E5: =IF(OR(I5="",I5=0),"",IF(INDEX(Samples[監測點],I5)="","",INDEX(Samples[監測點],I5))) | F5: =IF(OR(I5="",I5=0),"",IF(INDEX(Samples[採樣日期],I5)="","",INDEX(Samples[採樣日期],I5))) | G5: =IF(OR(M5="",M5="NA",M5="N/A"),"",IF(OR(M5="ND",M5="N.D."),0,IFERROR(IF(OR(OR(ISNUMBER(SEARCH("%",O5)),ISNUMBER(SEARCH(" ",O5)),ISNUMBER(SEARCH(",",O5))),OR(SUBSTITUTE(SUBSTITUTE(SUBSTITUTE(SUBSTITUTE(SUBSTITUTE(SUBSTITUTE(SUBSTITUTE(SUBSTITUTE(SUBSTITUTE(SUBSTITUTE(SUBSTITUTE(SUBSTITUTE(SUBSTITUTE(SUBSTITUTE(SUBSTITUTE(SUBSTITUTE(SUBSTITUTE(SUBSTITUTE("x"&M5,"0",""),"1",""),"2",""),"3",""),"4",""),"5",""),"6",""),"7",""),"8",""),"9",""),".",""),"E",""),"+",""),"-",""),"<",""),">",""),"=","")," ","")<>"x",ISNUMBER(SEARCH("-",SUBSTITUTE(SUBSTITUTE("x"&MID(M5,2,99),"E-","E"),"E+","E"))),ISNUMBER(SEARCH("+",SUBSTITUTE(SUBSTITUTE("x"&MID(M5,2,99),"E-","E"),"E+","E"))))),"",IF(AND(OR(LEFT(M5,1)="<",LEFT(M5,1)=">"),IF(O5="",0,IF(ISNUMBER(AH5),AH5,NA()))<0),"",IF(O5="",0,IF(ISNUMBER(AH5),AH5,NA()))/IF(LEFT(M5,1)="<",2,1))),""))) | H5: BH01-W_20260115_01 | I5: =IF(OR(H5="",AI5=0),0,IF(INDEX(Samples[樣品重複筆數],AI5)=1,AI5,0)) | J5: =IF(OR(COUNTA($A5:$D5)=0,I5=0),"",IF(INDEX(Samples[介質],I5)="","",INDEX(Samples[介質],I5))) | K5: =IF(OR(COUNTA($A5:$D5)=0,T5=0),"",IF(INDEX(DB_04[標準單位],T5)="","",INDEX(DB_04[標準單位],T5))) | L5: =IF(COUNTA($A5:$D5)=0,"",IF(OR(C5="",K5=""),"",IF(C5=K5,1,IF(COUNTIFS(DB_06[換算鍵],C5&"|"&K5,DB_06[換算檢查],"OK")=1,INDEX(DB_06[乘數],MATCH(C5&"|"&K5,DB_06[換算鍵],0)),"")))) | M5: =UPPER(SUBSTITUTE(SUBSTITUTE(SUBSTITUTE(SUBSTITUTE(TRIM(B5&""),"＜","<"),"＞",">"),"≤","<="),"≥",">=")) | N5: =IF(M5="","",IF(OR(M5="ND",M5="N.D."),"ND",IF(OR(M5="NA",M5="N/A",M5="N.A."),"NA",IF(OR(LEFT(M5,2)="<=",LEFT(M5,2)=">="),LEFT(M5,2),IF(OR(LEFT(M5,1)="<",LEFT(M5,1)=">"),LEFT(M5,1),"數值"))))) | O5: =IF(OR(N5="",N5="ND",N5="NA"),"",IF(N5="數值",M5,TRIM(MID(M5,LEN(N5)+1,99)))) | P5: =IF(O5="","",IFERROR(IF(OR(OR(ISNUMBER(SEARCH("%",O5)),ISNUMBER(SEARCH(" ",O5)),ISNUMBER(SEARCH(",",O5))),OR(SUBSTITUTE(SUBSTITUTE(SUBSTITUTE(SUBSTITUTE(SUBSTITUTE(SUBSTITUTE(SUBSTITUTE(SUBSTITUTE(SUBSTITUTE(SUBSTITUTE(SUBSTITUTE(SUBSTITUTE(SUBSTITUTE(SUBSTITUTE(SUBSTITUTE(SUBSTITUTE(SUBSTITUTE(SUBSTITUTE("x"&O5,"0",""),"1",""),"2",""),"3",""),"4",""),"5",""),"6",""),"7",""),"8",""),"9",""),".",""),"E",""),"+",""),"-",""),"<",""),">",""),"=","")," ","")<>"x",ISNUMBER(SEARCH("-",SUBSTITUTE(SUBSTITUTE("x"&MID(O5,2,99),"E-","E"),"E+","E"))),ISNUMBER(SEARCH("+",SUBSTITUTE(SUBSTITUTE("x"&MID(O5,2,99),"E-","E"),"E+","E"))))),"",IF(ISNUMBER(AH5),AH5,NA())),"")) | Q5: =IF(AND(ISNUMBER(L5),ISNUMBER(P5)),L5*P5,"") | R5: =IF(OR(COUNTA($A5:$D5)=0,U5=0),"",IF(INDEX(DB_05[管制設定值],U5)="","",INDEX(DB_05[管制設定值],U5))) | S5: =IF(OR(COUNTA($A5:$D5)=0,U5=0),"",IF(INDEX(DB_05[監測設定值],U5)="","",INDEX(DB_05[監測設定值],U5))) | T5: =IF(COUNTA($A5:$D5)=0,"",IF(COUNTIFS(DB_04[測項鍵],V5)=1,MATCH(V5,DB_04[測項鍵],0),0)) | U5: =IF(COUNTA($A5:$D5)=0,"",IF(COUNTIFS(DB_05[標準鍵],W5)=1,MATCH(W5,DB_05[標準鍵],0),0)) | V5: =IF(OR(J5="",A5=""),"",J5&"|"&A5) | W5: =IF(OR('07_QAQC'!$C$3="",V5=""),"",'07_QAQC'!$C$3&"|"&V5) | X5: =IF(OR(H5="",A5=""),"",LEN(H5)&":"&H5&LEN(A5)&":"&A5) | Y5: =IF(COUNTA($A5:$D5)=0,"",IF(I5=0,"樣品未建或重複",IF(INDEX(Samples[樣品檢查],I5)="","OK",INDEX(Samples[樣品檢查],I5)))) | Z5: =IF(COUNTA($A5:$D5)=0,"",IF(B5="","缺原始值",IF(OR(B5="-",B5="--"),"無資料",IF(N5="NA","不適用",IF(N5="ND","OK",IF(NOT(ISNUMBER(P5)),"格式待核",IF(AND(N5<>"數值",P5<0),"界限不得為負","OK"))))))) | AA5: =IF(COUNTA(A5:D5)=0,"",IF(OR(A5="",H5=""),"缺識別欄位",IF(IF(LEN("="&SUBSTITUTE(SUBSTITUTE(SUBSTITUTE(X5,"~","~~"),"*","~*"),"?","~?"))<=255,COUNTIF(Results[結果識別鍵],"="&SUBSTITUTE(SUBSTITUTE(SUBSTITUTE(X5,"~","~~"),"*","~*"),"?","~?")),COUNTIFS(Results[關聯鍵],"="&SUBSTITUTE(SUBSTITUTE(SUBSTITUTE(H5,"~","~~"),"*","~*"),"?","~?"),Results[分析項目],"="&SUBSTITUTE(SUBSTITUTE(SUBSTITUTE(A5,"~","~~"),"*","~*"),"?","~?")))>1,"同關聯鍵測項重複","OK"))) | AB5: =IF(COUNTA($A5:$D5)=0,"",IF(OR(C5="",K5=""),"缺單位",IF(NOT(ISNUMBER(L5)),"單位不相容",IF(L5=1,"OK","已換算")))) | AC5: =IF(COUNTA($A5:$D5)=0,"",IF('07_QAQC'!$C$3="","未選比較版本",IF(U5=0,IF(COUNTIFS(DB_05[標準鍵],W5)>1,"標準鍵重複","未訂此介質／測項門檻"),IF(INDEX(DB_05[版本檢查],U5)<>"OK","標準主檔待核",IF(INDEX(DB_05[標準單位],U5)<>K5,"標準單位不符",IF(INDEX(DB_05[核對狀態],U5)="停用","停用",IF(F5="","缺採樣日期",IF(OR(AND(INDEX(DB_05[生效日],U5)<>"",F5<INDEX(DB_05[生效日],U5)),AND(INDEX(DB_05[失效日],U5)<>"",F5>INDEX(DB_05[失效日],U5))),"日期不適用",INDEX(DB_05[核對狀態],U5))))))))) | AD5: =IF(COUNTA($A5:$D5)=0,"",IF(AC5="未訂此介質／測項門檻",AC5,IF(AC5<>"已核對","標準待核",IF(R5="","未訂管制值",IF(NOT(ISNUMBER(L5)),"單位待核",IF(N5="ND","無法判定（ND無界限）",IF(N5="NA","不適用",IF(Z5<>"OK",Z5,IF(N5="數值",IF(Q5>=R5,"達管制值","未達管制值"),IF(OR(N5="<",N5="<="),IF(OR(Q5<R5,AND(N5="<",Q5=R5)),"未達管制值","無法判定"),IF(OR(N5=">",N5=">="),IF(Q5>=R5,"達管制值","無法判定"),"格式待核"))))))))))) | AE5: =IF(COUNTA($A5:$D5)=0,"",IF(AC5="未訂此介質／測項門檻",AC5,IF(AC5<>"已核對","標準待核",IF(S5="","未訂監測值",IF(NOT(ISNUMBER(L5)),"單位待核",IF(N5="ND","無法判定（ND無界限）",IF(N5="NA","不適用",IF(Z5<>"OK",Z5,IF(N5="數值",IF(Q5>=S5,"達監測值","未達監測值"),IF(OR(N5="<",N5="<="),IF(OR(Q5<S5,AND(N5="<",Q5=S5)),"未達監測值","無法判定"),IF(OR(N5=">",N5=">="),IF(Q5>=S5,"達監測值","無法判定"),"格式待核"))))))))))) | AF5: =IF(COUNTA($A5:$D5)=0,"",IF(OR(E5="",A5="",B5="",C5=""),"缺必要欄位",IF(Y5<>"OK","樣品資料待補",IF(T5=0,"測項未建或重複",IF(INDEX(DB_04[啟用],T5)<>"是","測項停用",IF(AND(Z5<>"OK",Z5<>"不適用"),Z5,IF(AND(AB5<>"OK",AB5<>"已換算"),"單位待核",IF(AA5<>"OK",AA5,"OK")))))))) | AG5: =IF(COUNTA($A5:$D5)=0,"",IF(N5="ND","ND取0",IF(OR(N5="<",N5="<="),"界限除以2",IF(N5="NA","不適用",IF(OR(N5=">",N5=">="),"保留界限數值","保留原數值"))))) | AH5: =IF(O5="","",IFERROR(_xlfn.NUMBERVALUE(O5,".",","),"")) | AI5: =IF(H5="","",IFERROR(MATCH(H5,Samples[樣品編號],0),0))
A6: DO | B6: 6.5 | C6: mg/L | D6: 合成資料，非實測；method=field | E6: =IF(OR(I6="",I6=0),"",IF(INDEX(Samples[監測點],I6)="","",INDEX(Samples[監測點],I6))) | F6: =IF(OR(I6="",I6=0),"",IF(INDEX(Samples[採樣日期],I6)="","",INDEX(Samples[採樣日期],I6))) | G6: =IF(OR(M6="",M6="NA",M6="N/A"),"",IF(OR(M6="ND",M6="N.D."),0,IFERROR(IF(OR(OR(ISNUMBER(SEARCH("%",O6)),ISNUMBER(SEARCH(" ",O6)),ISNUMBER(SEARCH(",",O6))),OR(SUBSTITUTE(SUBSTITUTE(SUBSTITUTE(SUBSTITUTE(SUBSTITUTE(SUBSTITUTE(SUBSTITUTE(SUBSTITUTE(SUBSTITUTE(SUBSTITUTE(SUBSTITUTE(SUBSTITUTE(SUBSTITUTE(SUBSTITUTE(SUBSTITUTE(SUBSTITUTE(SUBSTITUTE(SUBSTITUTE("x"&M6,"0",""),"1",""),"2",""),"3",""),"4",""),"5",""),"6",""),"7",""),"8",""),"9",""),".",""),"E",""),"+",""),"-",""),"<",""),">",""),"=","")," ","")<>"x",ISNUMBER(SEARCH("-",SUBSTITUTE(SUBSTITUTE("x"&MID(M6,2,99),"E-","E"),"E+","E"))),ISNUMBER(SEARCH("+",SUBSTITUTE(SUBSTITUTE("x"&MID(M6,2,99),"E-","E"),"E+","E"))))),"",IF(AND(OR(LEFT(M6,1)="<",LEFT(M6,1)=">"),IF(O6="",0,IF(ISNUMBER(AH6),AH6,NA()))<0),"",IF(O6="",0,IF(ISNUMBER(AH6),AH6,NA()))/IF(LEFT(M6,1)="<",2,1))),""))) | H6: BH01-W_20260115_01 | I6: =IF(OR(H6="",AI6=0),0,IF(INDEX(Samples[樣品重複筆數],AI6)=1,AI6,0)) | J6: =IF(OR(COUNTA($A6:$D6)=0,I6=0),"",IF(INDEX(Samples[介質],I6)="","",INDEX(Samples[介質],I6))) | K6: =IF(OR(COUNTA($A6:$D6)=0,T6=0),"",IF(INDEX(DB_04[標準單位],T6)="","",INDEX(DB_04[標準單位],T6))) | L6: =IF(COUNTA($A6:$D6)=0,"",IF(OR(C6="",K6=""),"",IF(C6=K6,1,IF(COUNTIFS(DB_06[換算鍵],C6&"|"&K6,DB_06[換算檢查],"OK")=1,INDEX(DB_06[乘數],MATCH(C6&"|"&K6,DB_06[換算鍵],0)),"")))) | M6: =UPPER(SUBSTITUTE(SUBSTITUTE(SUBSTITUTE(SUBSTITUTE(TRIM(B6&""),"＜","<"),"＞",">"),"≤","<="),"≥",">=")) | N6: =IF(M6="","",IF(OR(M6="ND",M6="N.D."),"ND",IF(OR(M6="NA",M6="N/A",M6="N.A."),"NA",IF(OR(LEFT(M6,2)="<=",LEFT(M6,2)=">="),LEFT(M6,2),IF(OR(LEFT(M6,1)="<",LEFT(M6,1)=">"),LEFT(M6,1),"數值"))))) | O6: =IF(OR(N6="",N6="ND",N6="NA"),"",IF(N6="數值",M6,TRIM(MID(M6,LEN(N6)+1,99)))) | P6: =IF(O6="","",IFERROR(IF(OR(OR(ISNUMBER(SEARCH("%",O6)),ISNUMBER(SEARCH(" ",O6)),ISNUMBER(SEARCH(",",O6))),OR(SUBSTITUTE(SUBSTITUTE(SUBSTITUTE(SUBSTITUTE(SUBSTITUTE(SUBSTITUTE(SUBSTITUTE(SUBSTITUTE(SUBSTITUTE(SUBSTITUTE(SUBSTITUTE(SUBSTITUTE(SUBSTITUTE(SUBSTITUTE(SUBSTITUTE(SUBSTITUTE(SUBSTITUTE(SUBSTITUTE("x"&O6,"0",""),"1",""),"2",""),"3",""),"4",""),"5",""),"6",""),"7",""),"8",""),"9",""),".",""),"E",""),"+",""),"-",""),"<",""),">",""),"=","")," ","")<>"x",ISNUMBER(SEARCH("-",SUBSTITUTE(SUBSTITUTE("x"&MID(O6,2,99),"E-","E"),"E+","E"))),ISNUMBER(SEARCH("+",SUBSTITUTE(SUBSTITUTE("x"&MID(O6,2,99),"E-","E"),"E+","E"))))),"",IF(ISNUMBER(AH6),AH6,NA())),"")) | Q6: =IF(AND(ISNUMBER(L6),ISNUMBER(P6)),L6*P6,"") | R6: =IF(OR(COUNTA($A6:$D6)=0,U6=0),"",IF(INDEX(DB_05[管制設定值],U6)="","",INDEX(DB_05[管制設定值],U6))) | S6: =IF(OR(COUNTA($A6:$D6)=0,U6=0),"",IF(INDEX(DB_05[監測設定值],U6)="","",INDEX(DB_05[監測設定值],U6))) | T6: =IF(COUNTA($A6:$D6)=0,"",IF(COUNTIFS(DB_04[測項鍵],V6)=1,MATCH(V6,DB_04[測項鍵],0),0)) | U6: =IF(COUNTA($A6:$D6)=0,"",IF(COUNTIFS(DB_05[標準鍵],W6)=1,MATCH(W6,DB_05[標準鍵],0),0)) | V6: =IF(OR(J6="",A6=""),"",J6&"|"&A6) | W6: =IF(OR('07_QAQC'!$C$3="",V6=""),"",'07_QAQC'!$C$3&"|"&V6) | X6: =IF(OR(H6="",A6=""),"",LEN(H6)&":"&H6&LEN(A6)&":"&A6) | Y6: =IF(COUNTA($A6:$D6)=0,"",IF(I6=0,"樣品未建或重複",IF(INDEX(Samples[樣品檢查],I6)="","OK",INDEX(Samples[樣品檢查],I6)))) | Z6: =IF(COUNTA($A6:$D6)=0,"",IF(B6="","缺原始值",IF(OR(B6="-",B6="--"),"無資料",IF(N6="NA","不適用",IF(N6="ND","OK",IF(NOT(ISNUMBER(P6)),"格式待核",IF(AND(N6<>"數值",P6<0),"界限不得為負","OK"))))))) | AA6: =IF(COUNTA(A6:D6)=0,"",IF(OR(A6="",H6=""),"缺識別欄位",IF(IF(LEN("="&SUBSTITUTE(SUBSTITUTE(SUBSTITUTE(X6,"~","~~"),"*","~*"),"?","~?"))<=255,COUNTIF(Results[結果識別鍵],"="&SUBSTITUTE(SUBSTITUTE(SUBSTITUTE(X6,"~","~~"),"*","~*"),"?","~?")),COUNTIFS(Results[關聯鍵],"="&SUBSTITUTE(SUBSTITUTE(SUBSTITUTE(H6,"~","~~"),"*","~*"),"?","~?"),Results[分析項目],"="&SUBSTITUTE(SUBSTITUTE(SUBSTITUTE(A6,"~","~~"),"*","~*"),"?","~?")))>1,"同關聯鍵測項重複","OK"))) | AB6: =IF(COUNTA($A6:$D6)=0,"",IF(OR(C6="",K6=""),"缺單位",IF(NOT(ISNUMBER(L6)),"單位不相容",IF(L6=1,"OK","已換算")))) | AC6: =IF(COUNTA($A6:$D6)=0,"",IF('07_QAQC'!$C$3="","未選比較版本",IF(U6=0,IF(COUNTIFS(DB_05[標準鍵],W6)>1,"標準鍵重複","未訂此介質／測項門檻"),IF(INDEX(DB_05[版本檢查],U6)<>"OK","標準主檔待核",IF(INDEX(DB_05[標準單位],U6)<>K6,"標準單位不符",IF(INDEX(DB_05[核對狀態],U6)="停用","停用",IF(F6="","缺採樣日期",IF(OR(AND(INDEX(DB_05[生效日],U6)<>"",F6<INDEX(DB_05[生效日],U6)),AND(INDEX(DB_05[失效日],U6)<>"",F6>INDEX(DB_05[失效日],U6))),"日期不適用",INDEX(DB_05[核對狀態],U6))))))))) | AD6: =IF(COUNTA($A6:$D6)=0,"",IF(AC6="未訂此介質／測項門檻",AC6,IF(AC6<>"已核對","標準待核",IF(R6="","未訂管制值",IF(NOT(ISNUMBER(L6)),"單位待核",IF(N6="ND","無法判定（ND無界限）",IF(N6="NA","不適用",IF(Z6<>"OK",Z6,IF(N6="數值",IF(Q6>=R6,"達管制值","未達管制值"),IF(OR(N6="<",N6="<="),IF(OR(Q6<R6,AND(N6="<",Q6=R6)),"未達管制值","無法判定"),IF(OR(N6=">",N6=">="),IF(Q6>=R6,"達管制值","無法判定"),"格式待核"))))))))))) | AE6: =IF(COUNTA($A6:$D6)=0,"",IF(AC6="未訂此介質／測項門檻",AC6,IF(AC6<>"已核對","標準待核",IF(S6="","未訂監測值",IF(NOT(ISNUMBER(L6)),"單位待核",IF(N6="ND","無法判定（ND無界限）",IF(N6="NA","不適用",IF(Z6<>"OK",Z6,IF(N6="數值",IF(Q6>=S6,"達監測值","未達監測值"),IF(OR(N6="<",N6="<="),IF(OR(Q6<S6,AND(N6="<",Q6=S6)),"未達監測值","無法判定"),IF(OR(N6=">",N6=">="),IF(Q6>=S6,"達監測值","無法判定"),"格式待核"))))))))))) | AF6: =IF(COUNTA($A6:$D6)=0,"",IF(OR(E6="",A6="",B6="",C6=""),"缺必要欄位",IF(Y6<>"OK","樣品資料待補",IF(T6=0,"測項未建或重複",IF(INDEX(DB_04[啟用],T6)<>"是","測項停用",IF(AND(Z6<>"OK",Z6<>"不適用"),Z6,IF(AND(AB6<>"OK",AB6<>"已換算"),"單位待核",IF(AA6<>"OK",AA6,"OK")))))))) | AG6: =IF(COUNTA($A6:$D6)=0,"",IF(N6="ND","ND取0",IF(OR(N6="<",N6="<="),"界限除以2",IF(N6="NA","不適用",IF(OR(N6=">",N6=">="),"保留界限數值","保留原數值"))))) | AH6: =IF(O6="","",IFERROR(_xlfn.NUMBERVALUE(O6,".",","),"")) | AI6: =IF(H6="","",IFERROR(MATCH(H6,Samples[樣品編號],0),0))
A7: 溶氧飽和度 | B7: 77 | C7: % | D7: 合成資料，非實測；method=field | E7: =IF(OR(I7="",I7=0),"",IF(INDEX(Samples[監測點],I7)="","",INDEX(Samples[監測點],I7))) | F7: =IF(OR(I7="",I7=0),"",IF(INDEX(Samples[採樣日期],I7)="","",INDEX(Samples[採樣日期],I7))) | G7: =IF(OR(M7="",M7="NA",M7="N/A"),"",IF(OR(M7="ND",M7="N.D."),0,IFERROR(IF(OR(OR(ISNUMBER(SEARCH("%",O7)),ISNUMBER(SEARCH(" ",O7)),ISNUMBER(SEARCH(",",O7))),OR(SUBSTITUTE(SUBSTITUTE(SUBSTITUTE(SUBSTITUTE(SUBSTITUTE(SUBSTITUTE(SUBSTITUTE(SUBSTITUTE(SUBSTITUTE(SUBSTITUTE(SUBSTITUTE(SUBSTITUTE(SUBSTITUTE(SUBSTITUTE(SUBSTITUTE(SUBSTITUTE(SUBSTITUTE(SUBSTITUTE("x"&M7,"0",""),"1",""),"2",""),"3",""),"4",""),"5",""),"6",""),"7",""),"8",""),"9",""),".",""),"E",""),"+",""),"-",""),"<",""),">",""),"=","")," ","")<>"x",ISNUMBER(SEARCH("-",SUBSTITUTE(SUBSTITUTE("x"&MID(M7,2,99),"E-","E"),"E+","E"))),ISNUMBER(SEARCH("+",SUBSTITUTE(SUBSTITUTE("x"&MID(M7,2,99),"E-","E"),"E+","E"))))),"",IF(AND(OR(LEFT(M7,1)="<",LEFT(M7,1)=">"),IF(O7="",0,IF(ISNUMBER(AH7),AH7,NA()))<0),"",IF(O7="",0,IF(ISNUMBER(AH7),AH7,NA()))/IF(LEFT(M7,1)="<",2,1))),""))) | H7: BH01-W_20260115_01 | I7: =IF(OR(H7="",AI7=0),0,IF(INDEX(Samples[樣品重複筆數],AI7)=1,AI7,0)) | J7: =IF(OR(COUNTA($A7:$D7)=0,I7=0),"",IF(INDEX(Samples[介質],I7)="","",INDEX(Samples[介質],I7))) | K7: =IF(OR(COUNTA($A7:$D7)=0,T7=0),"",IF(INDEX(DB_04[標準單位],T7)="","",INDEX(DB_04[標準單位],T7))) | L7: =IF(COUNTA($A7:$D7)=0,"",IF(OR(C7="",K7=""),"",IF(C7=K7,1,IF(COUNTIFS(DB_06[換算鍵],C7&"|"&K7,DB_06[換算檢查],"OK")=1,INDEX(DB_06[乘數],MATCH(C7&"|"&K7,DB_06[換算鍵],0)),"")))) | M7: =UPPER(SUBSTITUTE(SUBSTITUTE(SUBSTITUTE(SUBSTITUTE(TRIM(B7&""),"＜","<"),"＞",">"),"≤","<="),"≥",">=")) | N7: =IF(M7="","",IF(OR(M7="ND",M7="N.D."),"ND",IF(OR(M7="NA",M7="N/A",M7="N.A."),"NA",IF(OR(LEFT(M7,2)="<=",LEFT(M7,2)=">="),LEFT(M7,2),IF(OR(LEFT(M7,1)="<",LEFT(M7,1)=">"),LEFT(M7,1),"數值"))))) | O7: =IF(OR(N7="",N7="ND",N7="NA"),"",IF(N7="數值",M7,TRIM(MID(M7,LEN(N7)+1,99)))) | P7: =IF(O7="","",IFERROR(IF(OR(OR(ISNUMBER(SEARCH("%",O7)),ISNUMBER(SEARCH(" ",O7)),ISNUMBER(SEARCH(",",O7))),OR(SUBSTITUTE(SUBSTITUTE(SUBSTITUTE(SUBSTITUTE(SUBSTITUTE(SUBSTITUTE(SUBSTITUTE(SUBSTITUTE(SUBSTITUTE(SUBSTITUTE(SUBSTITUTE(SUBSTITUTE(SUBSTITUTE(SUBSTITUTE(SUBSTITUTE(SUBSTITUTE(SUBSTITUTE(SUBSTITUTE("x"&O7,"0",""),"1",""),"2",""),"3",""),"4",""),"5",""),"6",""),"7",""),"8",""),"9",""),".",""),"E",""),"+",""),"-",""),"<",""),">",""),"=","")," ","")<>"x",ISNUMBER(SEARCH("-",SUBSTITUTE(SUBSTITUTE("x"&MID(O7,2,99),"E-","E"),"E+","E"))),ISNUMBER(SEARCH("+",SUBSTITUTE(SUBSTITUTE("x"&MID(O7,2,99),"E-","E"),"E+","E"))))),"",IF(ISNUMBER(AH7),AH7,NA())),"")) | Q7: =IF(AND(ISNUMBER(L7),ISNUMBER(P7)),L7*P7,"") | R7: =IF(OR(COUNTA($A7:$D7)=0,U7=0),"",IF(INDEX(DB_05[管制設定值],U7)="","",INDEX(DB_05[管制設定值],U7))) | S7: =IF(OR(COUNTA($A7:$D7)=0,U7=0),"",IF(INDEX(DB_05[監測設定值],U7)="","",INDEX(DB_05[監測設定值],U7))) | T7: =IF(COUNTA($A7:$D7)=0,"",IF(COUNTIFS(DB_04[測項鍵],V7)=1,MATCH(V7,DB_04[測項鍵],0),0)) | U7: =IF(COUNTA($A7:$D7)=0,"",IF(COUNTIFS(DB_05[標準鍵],W7)=1,MATCH(W7,DB_05[標準鍵],0),0)) | V7: =IF(OR(J7="",A7=""),"",J7&"|"&A7) | W7: =IF(OR('07_QAQC'!$C$3="",V7=""),"",'07_QAQC'!$C$3&"|"&V7) | X7: =IF(OR(H7="",A7=""),"",LEN(H7)&":"&H7&LEN(A7)&":"&A7) | Y7: =IF(COUNTA($A7:$D7)=0,"",IF(I7=0,"樣品未建或重複",IF(INDEX(Samples[樣品檢查],I7)="","OK",INDEX(Samples[樣品檢查],I7)))) | Z7: =IF(COUNTA($A7:$D7)=0,"",IF(B7="","缺原始值",IF(OR(B7="-",B7="--"),"無資料",IF(N7="NA","不適用",IF(N7="ND","OK",IF(NOT(ISNUMBER(P7)),"格式待核",IF(AND(N7<>"數值",P7<0),"界限不得為負","OK"))))))) | AA7: =IF(COUNTA(A7:D7)=0,"",IF(OR(A7="",H7=""),"缺識別欄位",IF(IF(LEN("="&SUBSTITUTE(SUBSTITUTE(SUBSTITUTE(X7,"~","~~"),"*","~*"),"?","~?"))<=255,COUNTIF(Results[結果識別鍵],"="&SUBSTITUTE(SUBSTITUTE(SUBSTITUTE(X7,"~","~~"),"*","~*"),"?","~?")),COUNTIFS(Results[關聯鍵],"="&SUBSTITUTE(SUBSTITUTE(SUBSTITUTE(H7,"~","~~"),"*","~*"),"?","~?"),Results[分析項目],"="&SUBSTITUTE(SUBSTITUTE(SUBSTITUTE(A7,"~","~~"),"*","~*"),"?","~?")))>1,"同關聯鍵測項重複","OK"))) | AB7: =IF(COUNTA($A7:$D7)=0,"",IF(OR(C7="",K7=""),"缺單位",IF(NOT(ISNUMBER(L7)),"單位不相容",IF(L7=1,"OK","已換算")))) | AC7: =IF(COUNTA($A7:$D7)=0,"",IF('07_QAQC'!$C$3="","未選比較版本",IF(U7=0,IF(COUNTIFS(DB_05[標準鍵],W7)>1,"標準鍵重複","未訂此介質／測項門檻"),IF(INDEX(DB_05[版本檢查],U7)<>"OK","標準主檔待核",IF(INDEX(DB_05[標準單位],U7)<>K7,"標準單位不符",IF(INDEX(DB_05[核對狀態],U7)="停用","停用",IF(F7="","缺採樣日期",IF(OR(AND(INDEX(DB_05[生效日],U7)<>"",F7<INDEX(DB_05[生效日],U7)),AND(INDEX(DB_05[失效日],U7)<>"",F7>INDEX(DB_05[失效日],U7))),"日期不適用",INDEX(DB_05[核對狀態],U7))))))))) | AD7: =IF(COUNTA($A7:$D7)=0,"",IF(AC7="未訂此介質／測項門檻",AC7,IF(AC7<>"已核對","標準待核",IF(R7="","未訂管制值",IF(NOT(ISNUMBER(L7)),"單位待核",IF(N7="ND","無法判定（ND無界限）",IF(N7="NA","不適用",IF(Z7<>"OK",Z7,IF(N7="數值",IF(Q7>=R7,"達管制值","未達管制值"),IF(OR(N7="<",N7="<="),IF(OR(Q7<R7,AND(N7="<",Q7=R7)),"未達管制值","無法判定"),IF(OR(N7=">",N7=">="),IF(Q7>=R7,"達管制值","無法判定"),"格式待核"))))))))))) | AE7: =IF(COUNTA($A7:$D7)=0,"",IF(AC7="未訂此介質／測項門檻",AC7,IF(AC7<>"已核對","標準待核",IF(S7="","未訂監測值",IF(NOT(ISNUMBER(L7)),"單位待核",IF(N7="ND","無法判定（ND無界限）",IF(N7="NA","不適用",IF(Z7<>"OK",Z7,IF(N7="數值",IF(Q7>=S7,"達監測值","未達監測值"),IF(OR(N7="<",N7="<="),IF(OR(Q7<S7,AND(N7="<",Q7=S7)),"未達監測值","無法判定"),IF(OR(N7=">",N7=">="),IF(Q7>=S7,"達監測值","無法判定"),"格式待核"))))))))))) | AF7: =IF(COUNTA($A7:$D7)=0,"",IF(OR(E7="",A7="",B7="",C7=""),"缺必要欄位",IF(Y7<>"OK","樣品資料待補",IF(T7=0,"測項未建或重複",IF(INDEX(DB_04[啟用],T7)<>"是","測項停用",IF(AND(Z7<>"OK",Z7<>"不適用"),Z7,IF(AND(AB7<>"OK",AB7<>"已換算"),"單位待核",IF(AA7<>"OK",AA7,"OK")))))))) | AG7: =IF(COUNTA($A7:$D7)=0,"",IF(N7="ND","ND取0",IF(OR(N7="<",N7="<="),"界限除以2",IF(N7="NA","不適用",IF(OR(N7=">",N7=">="),"保留界限數值","保留原數值"))))) | AH7: =IF(O7="","",IFERROR(_xlfn.NUMBERVALUE(O7,".",","),"")) | AI7: =IF(H7="","",IFERROR(MATCH(H7,Samples[樣品編號],0),0))
A8: ORP | B8: 70 | C8: mV | D8: 合成資料，非實測；method=field; reference_electrode=Ag/AgCl; calibration=verified | E8: =IF(OR(I8="",I8=0),"",IF(INDEX(Samples[監測點],I8)="","",INDEX(Samples[監測點],I8))) | F8: =IF(OR(I8="",I8=0),"",IF(INDEX(Samples[採樣日期],I8)="","",INDEX(Samples[採樣日期],I8))) | G8: =IF(OR(M8="",M8="NA",M8="N/A"),"",IF(OR(M8="ND",M8="N.D."),0,IFERROR(IF(OR(OR(ISNUMBER(SEARCH("%",O8)),ISNUMBER(SEARCH(" ",O8)),ISNUMBER(SEARCH(",",O8))),OR(SUBSTITUTE(SUBSTITUTE(SUBSTITUTE(SUBSTITUTE(SUBSTITUTE(SUBSTITUTE(SUBSTITUTE(SUBSTITUTE(SUBSTITUTE(SUBSTITUTE(SUBSTITUTE(SUBSTITUTE(SUBSTITUTE(SUBSTITUTE(SUBSTITUTE(SUBSTITUTE(SUBSTITUTE(SUBSTITUTE("x"&M8,"0",""),"1",""),"2",""),"3",""),"4",""),"5",""),"6",""),"7",""),"8",""),"9",""),".",""),"E",""),"+",""),"-",""),"<",""),">",""),"=","")," ","")<>"x",ISNUMBER(SEARCH("-",SUBSTITUTE(SUBSTITUTE("x"&MID(M8,2,99),"E-","E"),"E+","E"))),ISNUMBER(SEARCH("+",SUBSTITUTE(SUBSTITUTE("x"&MID(M8,2,99),"E-","E"),"E+","E"))))),"",IF(AND(OR(LEFT(M8,1)="<",LEFT(M8,1)=">"),IF(O8="",0,IF(ISNUMBER(AH8),AH8,NA()))<0),"",IF(O8="",0,IF(ISNUMBER(AH8),AH8,NA()))/IF(LEFT(M8,1)="<",2,1))),""))) | H8: BH01-W_20260115_01 | I8: =IF(OR(H8="",AI8=0),0,IF(INDEX(Samples[樣品重複筆數],AI8)=1,AI8,0)) | J8: =IF(OR(COUNTA($A8:$D8)=0,I8=0),"",IF(INDEX(Samples[介質],I8)="","",INDEX(Samples[介質],I8))) | K8: =IF(OR(COUNTA($A8:$D8)=0,T8=0),"",IF(INDEX(DB_04[標準單位],T8)="","",INDEX(DB_04[標準單位],T8))) | L8: =IF(COUNTA($A8:$D8)=0,"",IF(OR(C8="",K8=""),"",IF(C8=K8,1,IF(COUNTIFS(DB_06[換算鍵],C8&"|"&K8,DB_06[換算檢查],"OK")=1,INDEX(DB_06[乘數],MATCH(C8&"|"&K8,DB_06[換算鍵],0)),"")))) | M8: =UPPER(SUBSTITUTE(SUBSTITUTE(SUBSTITUTE(SUBSTITUTE(TRIM(B8&""),"＜","<"),"＞",">"),"≤","<="),"≥",">=")) | N8: =IF(M8="","",IF(OR(M8="ND",M8="N.D."),"ND",IF(OR(M8="NA",M8="N/A",M8="N.A."),"NA",IF(OR(LEFT(M8,2)="<=",LEFT(M8,2)=">="),LEFT(M8,2),IF(OR(LEFT(M8,1)="<",LEFT(M8,1)=">"),LEFT(M8,1),"數值"))))) | O8: =IF(OR(N8="",N8="ND",N8="NA"),"",IF(N8="數值",M8,TRIM(MID(M8,LEN(N8)+1,99)))) | P8: =IF(O8="","",IFERROR(IF(OR(OR(ISNUMBER(SEARCH("%",O8)),ISNUMBER(SEARCH(" ",O8)),ISNUMBER(SEARCH(",",O8))),OR(SUBSTITUTE(SUBSTITUTE(SUBSTITUTE(SUBSTITUTE(SUBSTITUTE(SUBSTITUTE(SUBSTITUTE(SUBSTITUTE(SUBSTITUTE(SUBSTITUTE(SUBSTITUTE(SUBSTITUTE(SUBSTITUTE(SUBSTITUTE(SUBSTITUTE(SUBSTITUTE(SUBSTITUTE(SUBSTITUTE("x"&O8,"0",""),"1",""),"2",""),"3",""),"4",""),"5",""),"6",""),"7",""),"8",""),"9",""),".",""),"E",""),"+",""),"-",""),"<",""),">",""),"=","")," ","")<>"x",ISNUMBER(SEARCH("-",SUBSTITUTE(SUBSTITUTE("x"&MID(O8,2,99),"E-","E"),"E+","E"))),ISNUMBER(SEARCH("+",SUBSTITUTE(SUBSTITUTE("x"&MID(O8,2,99),"E-","E"),"E+","E"))))),"",IF(ISNUMBER(AH8),AH8,NA())),"")) | Q8: =IF(AND(ISNUMBER(L8),ISNUMBER(P8)),L8*P8,"") | R8: =IF(OR(COUNTA($A8:$D8)=0,U8=0),"",IF(INDEX(DB_05[管制設定值],U8)="","",INDEX(DB_05[管制設定值],U8))) | S8: =IF(OR(COUNTA($A8:$D8)=0,U8=0),"",IF(INDEX(DB_05[監測設定值],U8)="","",INDEX(DB_05[監測設定值],U8))) | T8: =IF(COUNTA($A8:$D8)=0,"",IF(COUNTIFS(DB_04[測項鍵],V8)=1,MATCH(V8,DB_04[測項鍵],0),0)) | U8: =IF(COUNTA($A8:$D8)=0,"",IF(COUNTIFS(DB_05[標準鍵],W8)=1,MATCH(W8,DB_05[標準鍵],0),0)) | V8: =IF(OR(J8="",A8=""),"",J8&"|"&A8) | W8: =IF(OR('07_QAQC'!$C$3="",V8=""),"",'07_QAQC'!$C$3&"|"&V8) | X8: =IF(OR(H8="",A8=""),"",LEN(H8)&":"&H8&LEN(A8)&":"&A8) | Y8: =IF(COUNTA($A8:$D8)=0,"",IF(I8=0,"樣品未建或重複",IF(INDEX(Samples[樣品檢查],I8)="","OK",INDEX(Samples[樣品檢查],I8)))) | Z8: =IF(COUNTA($A8:$D8)=0,"",IF(B8="","缺原始值",IF(OR(B8="-",B8="--"),"無資料",IF(N8="NA","不適用",IF(N8="ND","OK",IF(NOT(ISNUMBER(P8)),"格式待核",IF(AND(N8<>"數值",P8<0),"界限不得為負","OK"))))))) | AA8: =IF(COUNTA(A8:D8)=0,"",IF(OR(A8="",H8=""),"缺識別欄位",IF(IF(LEN("="&SUBSTITUTE(SUBSTITUTE(SUBSTITUTE(X8,"~","~~"),"*","~*"),"?","~?"))<=255,COUNTIF(Results[結果識別鍵],"="&SUBSTITUTE(SUBSTITUTE(SUBSTITUTE(X8,"~","~~"),"*","~*"),"?","~?")),COUNTIFS(Results[關聯鍵],"="&SUBSTITUTE(SUBSTITUTE(SUBSTITUTE(H8,"~","~~"),"*","~*"),"?","~?"),Results[分析項目],"="&SUBSTITUTE(SUBSTITUTE(SUBSTITUTE(A8,"~","~~"),"*","~*"),"?","~?")))>1,"同關聯鍵測項重複","OK"))) | AB8: =IF(COUNTA($A8:$D8)=0,"",IF(OR(C8="",K8=""),"缺單位",IF(NOT(ISNUMBER(L8)),"單位不相容",IF(L8=1,"OK","已換算")))) | AC8: =IF(COUNTA($A8:$D8)=0,"",IF('07_QAQC'!$C$3="","未選比較版本",IF(U8=0,IF(COUNTIFS(DB_05[標準鍵],W8)>1,"標準鍵重複","未訂此介質／測項門檻"),IF(INDEX(DB_05[版本檢查],U8)<>"OK","標準主檔待核",IF(INDEX(DB_05[標準單位],U8)<>K8,"標準單位不符",IF(INDEX(DB_05[核對狀態],U8)="停用","停用",IF(F8="","缺採樣日期",IF(OR(AND(INDEX(DB_05[生效日],U8)<>"",F8<INDEX(DB_05[生效日],U8)),AND(INDEX(DB_05[失效日],U8)<>"",F8>INDEX(DB_05[失效日],U8))),"日期不適用",INDEX(DB_05[核對狀態],U8))))))))) | AD8: =IF(COUNTA($A8:$D8)=0,"",IF(AC8="未訂此介質／測項門檻",AC8,IF(AC8<>"已核對","標準待核",IF(R8="","未訂管制值",IF(NOT(ISNUMBER(L8)),"單位待核",IF(N8="ND","無法判定（ND無界限）",IF(N8="NA","不適用",IF(Z8<>"OK",Z8,IF(N8="數值",IF(Q8>=R8,"達管制值","未達管制值"),IF(OR(N8="<",N8="<="),IF(OR(Q8<R8,AND(N8="<",Q8=R8)),"未達管制值","無法判定"),IF(OR(N8=">",N8=">="),IF(Q8>=R8,"達管制值","無法判定"),"格式待核"))))))))))) | AE8: =IF(COUNTA($A8:$D8)=0,"",IF(AC8="未訂此介質／測項門檻",AC8,IF(AC8<>"已核對","標準待核",IF(S8="","未訂監測值",IF(NOT(ISNUMBER(L8)),"單位待核",IF(N8="ND","無法判定（ND無界限）",IF(N8="NA","不適用",IF(Z8<>"OK",Z8,IF(N8="數值",IF(Q8>=S8,"達監測值","未達監測值"),IF(OR(N8="<",N8="<="),IF(OR(Q8<S8,AND(N8="<",Q8=S8)),"未達監測值","無法判定"),IF(OR(N8=">",N8=">="),IF(Q8>=S8,"達監測值","無法判定"),"格式待核"))))))))))) | AF8: =IF(COUNTA($A8:$D8)=0,"",IF(OR(E8="",A8="",B8="",C8=""),"缺必要欄位",IF(Y8<>"OK","樣品資料待補",IF(T8=0,"測項未建或重複",IF(INDEX(DB_04[啟用],T8)<>"是","測項停用",IF(AND(Z8<>"OK",Z8<>"不適用"),Z8,IF(AND(AB8<>"OK",AB8<>"已換算"),"單位待核",IF(AA8<>"OK",AA8,"OK")))))))) | AG8: =IF(COUNTA($A8:$D8)=0,"",IF(N8="ND","ND取0",IF(OR(N8="<",N8="<="),"界限除以2",IF(N8="NA","不適用",IF(OR(N8=">",N8=">="),"保留界限數值","保留原數值"))))) | AH8: =IF(O8="","",IFERROR(_xlfn.NUMBERVALUE(O8,".",","),"")) | AI8: =IF(H8="","",IFERROR(MATCH(H8,Samples[樣品編號],0),0))
A9: 總有機碳 | B9: 2.2 | C9: mg/L | D9: 合成資料，非實測；method=lab | E9: =IF(OR(I9="",I9=0),"",IF(INDEX(Samples[監測點],I9)="","",INDEX(Samples[監測點],I9))) | F9: =IF(OR(I9="",I9=0),"",IF(INDEX(Samples[採樣日期],I9)="","",INDEX(Samples[採樣日期],I9))) | G9: =IF(OR(M9="",M9="NA",M9="N/A"),"",IF(OR(M9="ND",M9="N.D."),0,IFERROR(IF(OR(OR(ISNUMBER(SEARCH("%",O9)),ISNUMBER(SEARCH(" ",O9)),ISNUMBER(SEARCH(",",O9))),OR(SUBSTITUTE(SUBSTITUTE(SUBSTITUTE(SUBSTITUTE(SUBSTITUTE(SUBSTITUTE(SUBSTITUTE(SUBSTITUTE(SUBSTITUTE(SUBSTITUTE(SUBSTITUTE(SUBSTITUTE(SUBSTITUTE(SUBSTITUTE(SUBSTITUTE(SUBSTITUTE(SUBSTITUTE(SUBSTITUTE("x"&M9,"0",""),"1",""),"2",""),"3",""),"4",""),"5",""),"6",""),"7",""),"8",""),"9",""),".",""),"E",""),"+",""),"-",""),"<",""),">",""),"=","")," ","")<>"x",ISNUMBER(SEARCH("-",SUBSTITUTE(SUBSTITUTE("x"&MID(M9,2,99),"E-","E"),"E+","E"))),ISNUMBER(SEARCH("+",SUBSTITUTE(SUBSTITUTE("x"&MID(M9,2,99),"E-","E"),"E+","E"))))),"",IF(AND(OR(LEFT(M9,1)="<",LEFT(M9,1)=">"),IF(O9="",0,IF(ISNUMBER(AH9),AH9,NA()))<0),"",IF(O9="",0,IF(ISNUMBER(AH9),AH9,NA()))/IF(LEFT(M9,1)="<",2,1))),""))) | H9: BH01-W_20260115_01 | I9: =IF(OR(H9="",AI9=0),0,IF(INDEX(Samples[樣品重複筆數],AI9)=1,AI9,0)) | J9: =IF(OR(COUNTA($A9:$D9)=0,I9=0),"",IF(INDEX(Samples[介質],I9)="","",INDEX(Samples[介質],I9))) | K9: =IF(OR(COUNTA($A9:$D9)=0,T9=0),"",IF(INDEX(DB_04[標準單位],T9)="","",INDEX(DB_04[標準單位],T9))) | L9: =IF(COUNTA($A9:$D9)=0,"",IF(OR(C9="",K9=""),"",IF(C9=K9,1,IF(COUNTIFS(DB_06[換算鍵],C9&"|"&K9,DB_06[換算檢查],"OK")=1,INDEX(DB_06[乘數],MATCH(C9&"|"&K9,DB_06[換算鍵],0)),"")))) | M9: =UPPER(SUBSTITUTE(SUBSTITUTE(SUBSTITUTE(SUBSTITUTE(TRIM(B9&""),"＜","<"),"＞",">"),"≤","<="),"≥",">=")) | N9: =IF(M9="","",IF(OR(M9="ND",M9="N.D."),"ND",IF(OR(M9="NA",M9="N/A",M9="N.A."),"NA",IF(OR(LEFT(M9,2)="<=",LEFT(M9,2)=">="),LEFT(M9,2),IF(OR(LEFT(M9,1)="<",LEFT(M9,1)=">"),LEFT(M9,1),"數值"))))) | O9: =IF(OR(N9="",N9="ND",N9="NA"),"",IF(N9="數值",M9,TRIM(MID(M9,LEN(N9)+1,99)))) | P9: =IF(O9="","",IFERROR(IF(OR(OR(ISNUMBER(SEARCH("%",O9)),ISNUMBER(SEARCH(" ",O9)),ISNUMBER(SEARCH(",",O9))),OR(SUBSTITUTE(SUBSTITUTE(SUBSTITUTE(SUBSTITUTE(SUBSTITUTE(SUBSTITUTE(SUBSTITUTE(SUBSTITUTE(SUBSTITUTE(SUBSTITUTE(SUBSTITUTE(SUBSTITUTE(SUBSTITUTE(SUBSTITUTE(SUBSTITUTE(SUBSTITUTE(SUBSTITUTE(SUBSTITUTE("x"&O9,"0",""),"1",""),"2",""),"3",""),"4",""),"5",""),"6",""),"7",""),"8",""),"9",""),".",""),"E",""),"+",""),"-",""),"<",""),">",""),"=","")," ","")<>"x",ISNUMBER(SEARCH("-",SUBSTITUTE(SUBSTITUTE("x"&MID(O9,2,99),"E-","E"),"E+","E"))),ISNUMBER(SEARCH("+",SUBSTITUTE(SUBSTITUTE("x"&MID(O9,2,99),"E-","E"),"E+","E"))))),"",IF(ISNUMBER(AH9),AH9,NA())),"")) | Q9: =IF(AND(ISNUMBER(L9),ISNUMBER(P9)),L9*P9,"") | R9: =IF(OR(COUNTA($A9:$D9)=0,U9=0),"",IF(INDEX(DB_05[管制設定值],U9)="","",INDEX(DB_05[管制設定值],U9))) | S9: =IF(OR(COUNTA($A9:$D9)=0,U9=0),"",IF(INDEX(DB_05[監測設定值],U9)="","",INDEX(DB_05[監測設定值],U9))) | T9: =IF(COUNTA($A9:$D9)=0,"",IF(COUNTIFS(DB_04[測項鍵],V9)=1,MATCH(V9,DB_04[測項鍵],0),0)) | U9: =IF(COUNTA($A9:$D9)=0,"",IF(COUNTIFS(DB_05[標準鍵],W9)=1,MATCH(W9,DB_05[標準鍵],0),0)) | V9: =IF(OR(J9="",A9=""),"",J9&"|"&A9) | W9: =IF(OR('07_QAQC'!$C$3="",V9=""),"",'07_QAQC'!$C$3&"|"&V9) | X9: =IF(OR(H9="",A9=""),"",LEN(H9)&":"&H9&LEN(A9)&":"&A9) | Y9: =IF(COUNTA($A9:$D9)=0,"",IF(I9=0,"樣品未建或重複",IF(INDEX(Samples[樣品檢查],I9)="","OK",INDEX(Samples[樣品檢查],I9)))) | Z9: =IF(COUNTA($A9:$D9)=0,"",IF(B9="","缺原始值",IF(OR(B9="-",B9="--"),"無資料",IF(N9="NA","不適用",IF(N9="ND","OK",IF(NOT(ISNUMBER(P9)),"格式待核",IF(AND(N9<>"數值",P9<0),"界限不得為負","OK"))))))) | AA9: =IF(COUNTA(A9:D9)=0,"",IF(OR(A9="",H9=""),"缺識別欄位",IF(IF(LEN("="&SUBSTITUTE(SUBSTITUTE(SUBSTITUTE(X9,"~","~~"),"*","~*"),"?","~?"))<=255,COUNTIF(Results[結果識別鍵],"="&SUBSTITUTE(SUBSTITUTE(SUBSTITUTE(X9,"~","~~"),"*","~*"),"?","~?")),COUNTIFS(Results[關聯鍵],"="&SUBSTITUTE(SUBSTITUTE(SUBSTITUTE(H9,"~","~~"),"*","~*"),"?","~?"),Results[分析項目],"="&SUBSTITUTE(SUBSTITUTE(SUBSTITUTE(A9,"~","~~"),"*","~*"),"?","~?")))>1,"同關聯鍵測項重複","OK"))) | AB9: =IF(COUNTA($A9:$D9)=0,"",IF(OR(C9="",K9=""),"缺單位",IF(NOT(ISNUMBER(L9)),"單位不相容",IF(L9=1,"OK","已換算")))) | AC9: =IF(COUNTA($A9:$D9)=0,"",IF('07_QAQC'!$C$3="","未選比較版本",IF(U9=0,IF(COUNTIFS(DB_05[標準鍵],W9)>1,"標準鍵重複","未訂此介質／測項門檻"),IF(INDEX(DB_05[版本檢查],U9)<>"OK","標準主檔待核",IF(INDEX(DB_05[標準單位],U9)<>K9,"標準單位不符",IF(INDEX(DB_05[核對狀態],U9)="停用","停用",IF(F9="","缺採樣日期",IF(OR(AND(INDEX(DB_05[生效日],U9)<>"",F9<INDEX(DB_05[生效日],U9)),AND(INDEX(DB_05[失效日],U9)<>"",F9>INDEX(DB_05[失效日],U9))),"日期不適用",INDEX(DB_05[核對狀態],U9))))))))) | AD9: =IF(COUNTA($A9:$D9)=0,"",IF(AC9="未訂此介質／測項門檻",AC9,IF(AC9<>"已核對","標準待核",IF(R9="","未訂管制值",IF(NOT(ISNUMBER(L9)),"單位待核",IF(N9="ND","無法判定（ND無界限）",IF(N9="NA","不適用",IF(Z9<>"OK",Z9,IF(N9="數值",IF(Q9>=R9,"達管制值","未達管制值"),IF(OR(N9="<",N9="<="),IF(OR(Q9<R9,AND(N9="<",Q9=R9)),"未達管制值","無法判定"),IF(OR(N9=">",N9=">="),IF(Q9>=R9,"達管制值","無法判定"),"格式待核"))))))))))) | AE9: =IF(COUNTA($A9:$D9)=0,"",IF(AC9="未訂此介質／測項門檻",AC9,IF(AC9<>"已核對","標準待核",IF(S9="","未訂監測值",IF(NOT(ISNUMBER(L9)),"單位待核",IF(N9="ND","無法判定（ND無界限）",IF(N9="NA","不適用",IF(Z9<>"OK",Z9,IF(N9="數值",IF(Q9>=S9,"達監測值","未達監測值"),IF(OR(N9="<",N9="<="),IF(OR(Q9<S9,AND(N9="<",Q9=S9)),"未達監測值","無法判定"),IF(OR(N9=">",N9=">="),IF(Q9>=S9,"達監測值","無法判定"),"格式待核"))))))))))) | AF9: =IF(COUNTA($A9:$D9)=0,"",IF(OR(E9="",A9="",B9="",C9=""),"缺必要欄位",IF(Y9<>"OK","樣品資料待補",IF(T9=0,"測項未建或重複",IF(INDEX(DB_04[啟用],T9)<>"是","測項停用",IF(AND(Z9<>"OK",Z9<>"不適用"),Z9,IF(AND(AB9<>"OK",AB9<>"已換算"),"單位待核",IF(AA9<>"OK",AA9,"OK")))))))) | AG9: =IF(COUNTA($A9:$D9)=0,"",IF(N9="ND","ND取0",IF(OR(N9="<",N9="<="),"界限除以2",IF(N9="NA","不適用",IF(OR(N9=">",N9=">="),"保留界限數值","保留原數值"))))) | AH9: =IF(O9="","",IFERROR(_xlfn.NUMBERVALUE(O9,".",","),"")) | AI9: =IF(H9="","",IFERROR(MATCH(H9,Samples[樣品編號],0),0))
A10: 鋅 | B10: 96 | C10: mg/kg | D10: 合成資料，非實測；method=XRF; basis=dry | E10: =IF(OR(I10="",I10=0),"",IF(INDEX(Samples[監測點],I10)="","",INDEX(Samples[監測點],I10))) | F10: =IF(OR(I10="",I10=0),"",IF(INDEX(Samples[採樣日期],I10)="","",INDEX(Samples[採樣日期],I10))) | G10: =IF(OR(M10="",M10="NA",M10="N/A"),"",IF(OR(M10="ND",M10="N.D."),0,IFERROR(IF(OR(OR(ISNUMBER(SEARCH("%",O10)),ISNUMBER(SEARCH(" ",O10)),ISNUMBER(SEARCH(",",O10))),OR(SUBSTITUTE(SUBSTITUTE(SUBSTITUTE(SUBSTITUTE(SUBSTITUTE(SUBSTITUTE(SUBSTITUTE(SUBSTITUTE(SUBSTITUTE(SUBSTITUTE(SUBSTITUTE(SUBSTITUTE(SUBSTITUTE(SUBSTITUTE(SUBSTITUTE(SUBSTITUTE(SUBSTITUTE(SUBSTITUTE("x"&M10,"0",""),"1",""),"2",""),"3",""),"4",""),"5",""),"6",""),"7",""),"8",""),"9",""),".",""),"E",""),"+",""),"-",""),"<",""),">",""),"=","")," ","")<>"x",ISNUMBER(SEARCH("-",SUBSTITUTE(SUBSTITUTE("x"&MID(M10,2,99),"E-","E"),"E+","E"))),ISNUMBER(SEARCH("+",SUBSTITUTE(SUBSTITUTE("x"&MID(M10,2,99),"E-","E"),"E+","E"))))),"",IF(AND(OR(LEFT(M10,1)="<",LEFT(M10,1)=">"),IF(O10="",0,IF(ISNUMBER(AH10),AH10,NA()))<0),"",IF(O10="",0,IF(ISNUMBER(AH10),AH10,NA()))/IF(LEFT(M10,1)="<",2,1))),""))) | H10: BH01-S_20260115_02 | I10: =IF(OR(H10="",AI10=0),0,IF(INDEX(Samples[樣品重複筆數],AI10)=1,AI10,0)) | J10: =IF(OR(COUNTA($A10:$D10)=0,I10=0),"",IF(INDEX(Samples[介質],I10)="","",INDEX(Samples[介質],I10))) | K10: =IF(OR(COUNTA($A10:$D10)=0,T10=0),"",IF(INDEX(DB_04[標準單位],T10)="","",INDEX(DB_04[標準單位],T10))) | L10: =IF(COUNTA($A10:$D10)=0,"",IF(OR(C10="",K10=""),"",IF(C10=K10,1,IF(COUNTIFS(DB_06[換算鍵],C10&"|"&K10,DB_06[換算檢查],"OK")=1,INDEX(DB_06[乘數],MATCH(C10&"|"&K10,DB_06[換算鍵],0)),"")))) | M10: =UPPER(SUBSTITUTE(SUBSTITUTE(SUBSTITUTE(SUBSTITUTE(TRIM(B10&""),"＜","<"),"＞",">"),"≤","<="),"≥",">=")) | N10: =IF(M10="","",IF(OR(M10="ND",M10="N.D."),"ND",IF(OR(M10="NA",M10="N/A",M10="N.A."),"NA",IF(OR(LEFT(M10,2)="<=",LEFT(M10,2)=">="),LEFT(M10,2),IF(OR(LEFT(M10,1)="<",LEFT(M10,1)=">"),LEFT(M10,1),"數值"))))) | O10: =IF(OR(N10="",N10="ND",N10="NA"),"",IF(N10="數值",M10,TRIM(MID(M10,LEN(N10)+1,99)))) | P10: =IF(O10="","",IFERROR(IF(OR(OR(ISNUMBER(SEARCH("%",O10)),ISNUMBER(SEARCH(" ",O10)),ISNUMBER(SEARCH(",",O10))),OR(SUBSTITUTE(SUBSTITUTE(SUBSTITUTE(SUBSTITUTE(SUBSTITUTE(SUBSTITUTE(SUBSTITUTE(SUBSTITUTE(SUBSTITUTE(SUBSTITUTE(SUBSTITUTE(SUBSTITUTE(SUBSTITUTE(SUBSTITUTE(SUBSTITUTE(SUBSTITUTE(SUBSTITUTE(SUBSTITUTE("x"&O10,"0",""),"1",""),"2",""),"3",""),"4",""),"5",""),"6",""),"7",""),"8",""),"9",""),".",""),"E",""),"+",""),"-",""),"<",""),">",""),"=","")," ","")<>"x",ISNUMBER(SEARCH("-",SUBSTITUTE(SUBSTITUTE("x"&MID(O10,2,99),"E-","E"),"E+","E"))),ISNUMBER(SEARCH("+",SUBSTITUTE(SUBSTITUTE("x"&MID(O10,2,99),"E-","E"),"E+","E"))))),"",IF(ISNUMBER(AH10),AH10,NA())),"")) | Q10: =IF(AND(ISNUMBER(L10),ISNUMBER(P10)),L10*P10,"") | R10: =IF(OR(COUNTA($A10:$D10)=0,U10=0),"",IF(INDEX(DB_05[管制設定值],U10)="","",INDEX(DB_05[管制設定值],U10))) | S10: =IF(OR(COUNTA($A10:$D10)=0,U10=0),"",IF(INDEX(DB_05[監測設定值],U10)="","",INDEX(DB_05[監測設定值],U10))) | T10: =IF(COUNTA($A10:$D10)=0,"",IF(COUNTIFS(DB_04[測項鍵],V10)=1,MATCH(V10,DB_04[測項鍵],0),0)) | U10: =IF(COUNTA($A10:$D10)=0,"",IF(COUNTIFS(DB_05[標準鍵],W10)=1,MATCH(W10,DB_05[標準鍵],0),0)) | V10: =IF(OR(J10="",A10=""),"",J10&"|"&A10) | W10: =IF(OR('07_QAQC'!$C$3="",V10=""),"",'07_QAQC'!$C$3&"|"&V10) | X10: =IF(OR(H10="",A10=""),"",LEN(H10)&":"&H10&LEN(A10)&":"&A10) | Y10: =IF(COUNTA($A10:$D10)=0,"",IF(I10=0,"樣品未建或重複",IF(INDEX(Samples[樣品檢查],I10)="","OK",INDEX(Samples[樣品檢查],I10)))) | Z10: =IF(COUNTA($A10:$D10)=0,"",IF(B10="","缺原始值",IF(OR(B10="-",B10="--"),"無資料",IF(N10="NA","不適用",IF(N10="ND","OK",IF(NOT(ISNUMBER(P10)),"格式待核",IF(AND(N10<>"數值",P10<0),"界限不得為負","OK"))))))) | AA10: =IF(COUNTA(A10:D10)=0,"",IF(OR(A10="",H10=""),"缺識別欄位",IF(IF(LEN("="&SUBSTITUTE(SUBSTITUTE(SUBSTITUTE(X10,"~","~~"),"*","~*"),"?","~?"))<=255,COUNTIF(Results[結果識別鍵],"="&SUBSTITUTE(SUBSTITUTE(SUBSTITUTE(X10,"~","~~"),"*","~*"),"?","~?")),COUNTIFS(Results[關聯鍵],"="&SUBSTITUTE(SUBSTITUTE(SUBSTITUTE(H10,"~","~~"),"*","~*"),"?","~?"),Results[分析項目],"="&SUBSTITUTE(SUBSTITUTE(SUBSTITUTE(A10,"~","~~"),"*","~*"),"?","~?")))>1,"同關聯鍵測項重複","OK"))) | AB10: =IF(COUNTA($A10:$D10)=0,"",IF(OR(C10="",K10=""),"缺單位",IF(NOT(ISNUMBER(L10)),"單位不相容",IF(L10=1,"OK","已換算")))) | AC10: =IF(COUNTA($A10:$D10)=0,"",IF('07_QAQC'!$C$3="","未選比較版本",IF(U10=0,IF(COUNTIFS(DB_05[標準鍵],W10)>1,"標準鍵重複","未訂此介質／測項門檻"),IF(INDEX(DB_05[版本檢查],U10)<>"OK","標準主檔待核",IF(INDEX(DB_05[標準單位],U10)<>K10,"標準單位不符",IF(INDEX(DB_05[核對狀態],U10)="停用","停用",IF(F10="","缺採樣日期",IF(OR(AND(INDEX(DB_05[生效日],U10)<>"",F10<INDEX(DB_05[生效日],U10)),AND(INDEX(DB_05[失效日],U10)<>"",F10>INDEX(DB_05[失效日],U10))),"日期不適用",INDEX(DB_05[核對狀態],U10))))))))) | AD10: =IF(COUNTA($A10:$D10)=0,"",IF(AC10="未訂此介質／測項門檻",AC10,IF(AC10<>"已核對","標準待核",IF(R10="","未訂管制值",IF(NOT(ISNUMBER(L10)),"單位待核",IF(N10="ND","無法判定（ND無界限）",IF(N10="NA","不適用",IF(Z10<>"OK",Z10,IF(N10="數值",IF(Q10>=R10,"達管制值","未達管制值"),IF(OR(N10="<",N10="<="),IF(OR(Q10<R10,AND(N10="<",Q10=R10)),"未達管制值","無法判定"),IF(OR(N10=">",N10=">="),IF(Q10>=R10,"達管制值","無法判定"),"格式待核"))))))))))) | AE10: =IF(COUNTA($A10:$D10)=0,"",IF(AC10="未訂此介質／測項門檻",AC10,IF(AC10<>"已核對","標準待核",IF(S10="","未訂監測值",IF(NOT(ISNUMBER(L10)),"單位待核",IF(N10="ND","無法判定（ND無界限）",IF(N10="NA","不適用",IF(Z10<>"OK",Z10,IF(N10="數值",IF(Q10>=S10,"達監測值","未達監測值"),IF(OR(N10="<",N10="<="),IF(OR(Q10<S10,AND(N10="<",Q10=S10)),"未達監測值","無法判定"),IF(OR(N10=">",N10=">="),IF(Q10>=S10,"達監測值","無法判定"),"格式待核"))))))))))) | AF10: =IF(COUNTA($A10:$D10)=0,"",IF(OR(E10="",A10="",B10="",C10=""),"缺必要欄位",IF(Y10<>"OK","樣品資料待補",IF(T10=0,"測項未建或重複",IF(INDEX(DB_04[啟用],T10)<>"是","測項停用",IF(AND(Z10<>"OK",Z10<>"不適用"),Z10,IF(AND(AB10<>"OK",AB10<>"已換算"),"單位待核",IF(AA10<>"OK",AA10,"OK")))))))) | AG10: =IF(COUNTA($A10:$D10)=0,"",IF(N10="ND","ND取0",IF(OR(N10="<",N10="<="),"界限除以2",IF(N10="NA","不適用",IF(OR(N10=">",N10=">="),"保留界限數值","保留原數值"))))) | AH10: =IF(O10="","",IFERROR(_xlfn.NUMBERVALUE(O10,".",","),"")) | AI10: =IF(H10="","",IFERROR(MATCH(H10,Samples[樣品編號],0),0))
A11: 總有機碳 | B11: 0.29 | C11: % | D11: 合成資料，非實測；method=lab; basis=dry | E11: =IF(OR(I11="",I11=0),"",IF(INDEX(Samples[監測點],I11)="","",INDEX(Samples[監測點],I11))) | F11: =IF(OR(I11="",I11=0),"",IF(INDEX(Samples[採樣日期],I11)="","",INDEX(Samples[採樣日期],I11))) | G11: =IF(OR(M11="",M11="NA",M11="N/A"),"",IF(OR(M11="ND",M11="N.D."),0,IFERROR(IF(OR(OR(ISNUMBER(SEARCH("%",O11)),ISNUMBER(SEARCH(" ",O11)),ISNUMBER(SEARCH(",",O11))),OR(SUBSTITUTE(SUBSTITUTE(SUBSTITUTE(SUBSTITUTE(SUBSTITUTE(SUBSTITUTE(SUBSTITUTE(SUBSTITUTE(SUBSTITUTE(SUBSTITUTE(SUBSTITUTE(SUBSTITUTE(SUBSTITUTE(SUBSTITUTE(SUBSTITUTE(SUBSTITUTE(SUBSTITUTE(SUBSTITUTE("x"&M11,"0",""),"1",""),"2",""),"3",""),"4",""),"5",""),"6",""),"7",""),"8",""),"9",""),".",""),"E",""),"+",""),"-",""),"<",""),">",""),"=","")," ","")<>"x",ISNUMBER(SEARCH("-",SUBSTITUTE(SUBSTITUTE("x"&MID(M11,2,99),"E-","E"),"E+","E"))),ISNUMBER(SEARCH("+",SUBSTITUTE(SUBSTITUTE("x"&MID(M11,2,99),"E-","E"),"E+","E"))))),"",IF(AND(OR(LEFT(M11,1)="<",LEFT(M11,1)=">"),IF(O11="",0,IF(ISNUMBER(AH11),AH11,NA()))<0),"",IF(O11="",0,IF(ISNUMBER(AH11),AH11,NA()))/IF(LEFT(M11,1)="<",2,1))),""))) | H11: BH01-S_20260115_02 | I11: =IF(OR(H11="",AI11=0),0,IF(INDEX(Samples[樣品重複筆數],AI11)=1,AI11,0)) | J11: =IF(OR(COUNTA($A11:$D11)=0,I11=0),"",IF(INDEX(Samples[介質],I11)="","",INDEX(Samples[介質],I11))) | K11: =IF(OR(COUNTA($A11:$D11)=0,T11=0),"",IF(INDEX(DB_04[標準單位],T11)="","",INDEX(DB_04[標準單位],T11))) | L11: =IF(COUNTA($A11:$D11)=0,"",IF(OR(C11="",K11=""),"",IF(C11=K11,1,IF(COUNTIFS(DB_06[換算鍵],C11&"|"&K11,DB_06[換算檢查],"OK")=1,INDEX(DB_06[乘數],MATCH(C11&"|"&K11,DB_06[換算鍵],0)),"")))) | M11: =UPPER(SUBSTITUTE(SUBSTITUTE(SUBSTITUTE(SUBSTITUTE(TRIM(B11&""),"＜","<"),"＞",">"),"≤","<="),"≥",">=")) | N11: =IF(M11="","",IF(OR(M11="ND",M11="N.D."),"ND",IF(OR(M11="NA",M11="N/A",M11="N.A."),"NA",IF(OR(LEFT(M11,2)="<=",LEFT(M11,2)=">="),LEFT(M11,2),IF(OR(LEFT(M11,1)="<",LEFT(M11,1)=">"),LEFT(M11,1),"數值"))))) | O11: =IF(OR(N11="",N11="ND",N11="NA"),"",IF(N11="數值",M11,TRIM(MID(M11,LEN(N11)+1,99)))) | P11: =IF(O11="","",IFERROR(IF(OR(OR(ISNUMBER(SEARCH("%",O11)),ISNUMBER(SEARCH(" ",O11)),ISNUMBER(SEARCH(",",O11))),OR(SUBSTITUTE(SUBSTITUTE(SUBSTITUTE(SUBSTITUTE(SUBSTITUTE(SUBSTITUTE(SUBSTITUTE(SUBSTITUTE(SUBSTITUTE(SUBSTITUTE(SUBSTITUTE(SUBSTITUTE(SUBSTITUTE(SUBSTITUTE(SUBSTITUTE(SUBSTITUTE(SUBSTITUTE(SUBSTITUTE("x"&O11,"0",""),"1",""),"2",""),"3",""),"4",""),"5",""),"6",""),"7",""),"8",""),"9",""),".",""),"E",""),"+",""),"-",""),"<",""),">",""),"=","")," ","")<>"x",ISNUMBER(SEARCH("-",SUBSTITUTE(SUBSTITUTE("x"&MID(O11,2,99),"E-","E"),"E+","E"))),ISNUMBER(SEARCH("+",SUBSTITUTE(SUBSTITUTE("x"&MID(O11,2,99),"E-","E"),"E+","E"))))),"",IF(ISNUMBER(AH11),AH11,NA())),"")) | Q11: =IF(AND(ISNUMBER(L11),ISNUMBER(P11)),L11*P11,"") | R11: =IF(OR(COUNTA($A11:$D11)=0,U11=0),"",IF(INDEX(DB_05[管制設定值],U11)="","",INDEX(DB_05[管制設定值],U11))) | S11: =IF(OR(COUNTA($A11:$D11)=0,U11=0),"",IF(INDEX(DB_05[監測設定值],U11)="","",INDEX(DB_05[監測設定值],U11))) | T11: =IF(COUNTA($A11:$D11)=0,"",IF(COUNTIFS(DB_04[測項鍵],V11)=1,MATCH(V11,DB_04[測項鍵],0),0)) | U11: =IF(COUNTA($A11:$D11)=0,"",IF(COUNTIFS(DB_05[標準鍵],W11)=1,MATCH(W11,DB_05[標準鍵],0),0)) | V11: =IF(OR(J11="",A11=""),"",J11&"|"&A11) | W11: =IF(OR('07_QAQC'!$C$3="",V11=""),"",'07_QAQC'!$C$3&"|"&V11) | X11: =IF(OR(H11="",A11=""),"",LEN(H11)&":"&H11&LEN(A11)&":"&A11) | Y11: =IF(COUNTA($A11:$D11)=0,"",IF(I11=0,"樣品未建或重複",IF(INDEX(Samples[樣品檢查],I11)="","OK",INDEX(Samples[樣品檢查],I11)))) | Z11: =IF(COUNTA($A11:$D11)=0,"",IF(B11="","缺原始值",IF(OR(B11="-",B11="--"),"無資料",IF(N11="NA","不適用",IF(N11="ND","OK",IF(NOT(ISNUMBER(P11)),"格式待核",IF(AND(N11<>"數值",P11<0),"界限不得為負","OK"))))))) | AA11: =IF(COUNTA(A11:D11)=0,"",IF(OR(A11="",H11=""),"缺識別欄位",IF(IF(LEN("="&SUBSTITUTE(SUBSTITUTE(SUBSTITUTE(X11,"~","~~"),"*","~*"),"?","~?"))<=255,COUNTIF(Results[結果識別鍵],"="&SUBSTITUTE(SUBSTITUTE(SUBSTITUTE(X11,"~","~~"),"*","~*"),"?","~?")),COUNTIFS(Results[關聯鍵],"="&SUBSTITUTE(SUBSTITUTE(SUBSTITUTE(H11,"~","~~"),"*","~*"),"?","~?"),Results[分析項目],"="&SUBSTITUTE(SUBSTITUTE(SUBSTITUTE(A11,"~","~~"),"*","~*"),"?","~?")))>1,"同關聯鍵測項重複","OK"))) | AB11: =IF(COUNTA($A11:$D11)=0,"",IF(OR(C11="",K11=""),"缺單位",IF(NOT(ISNUMBER(L11)),"單位不相容",IF(L11=1,"OK","已換算")))) | AC11: =IF(COUNTA($A11:$D11)=0,"",IF('07_QAQC'!$C$3="","未選比較版本",IF(U11=0,IF(COUNTIFS(DB_05[標準鍵],W11)>1,"標準鍵重複","未訂此介質／測項門檻"),IF(INDEX(DB_05[版本檢查],U11)<>"OK","標準主檔待核",IF(INDEX(DB_05[標準單位],U11)<>K11,"標準單位不符",IF(INDEX(DB_05[核對狀態],U11)="停用","停用",IF(F11="","缺採樣日期",IF(OR(AND(INDEX(DB_05[生效日],U11)<>"",F11<INDEX(DB_05[生效日],U11)),AND(INDEX(DB_05[失效日],U11)<>"",F11>INDEX(DB_05[失效日],U11))),"日期不適用",INDEX(DB_05[核對狀態],U11))))))))) | AD11: =IF(COUNTA($A11:$D11)=0,"",IF(AC11="未訂此介質／測項門檻",AC11,IF(AC11<>"已核對","標準待核",IF(R11="","未訂管制值",IF(NOT(ISNUMBER(L11)),"單位待核",IF(N11="ND","無法判定（ND無界限）",IF(N11="NA","不適用",IF(Z11<>"OK",Z11,IF(N11="數值",IF(Q11>=R11,"達管制值","未達管制值"),IF(OR(N11="<",N11="<="),IF(OR(Q11<R11,AND(N11="<",Q11=R11)),"未達管制值","無法判定"),IF(OR(N11=">",N11=">="),IF(Q11>=R11,"達管制值","無法判定"),"格式待核"))))))))))) | AE11: =IF(COUNTA($A11:$D11)=0,"",IF(AC11="未訂此介質／測項門檻",AC11,IF(AC11<>"已核對","標準待核",IF(S11="","未訂監測值",IF(NOT(ISNUMBER(L11)),"單位待核",IF(N11="ND","無法判定（ND無界限）",IF(N11="NA","不適用",IF(Z11<>"OK",Z11,IF(N11="數值",IF(Q11>=S11,"達監測值","未達監測值"),IF(OR(N11="<",N11="<="),IF(OR(Q11<S11,AND(N11="<",Q11=S11)),"未達監測值","無法判定"),IF(OR(N11=">",N11=">="),IF(Q11>=S11,"達監測值","無法判定"),"格式待核"))))))))))) | AF11: =IF(COUNTA($A11:$D11)=0,"",IF(OR(E11="",A11="",B11="",C11=""),"缺必要欄位",IF(Y11<>"OK","樣品資料待補",IF(T11=0,"測項未建或重複",IF(INDEX(DB_04[啟用],T11)<>"是","測項停用",IF(AND(Z11<>"OK",Z11<>"不適用"),Z11,IF(AND(AB11<>"OK",AB11<>"已換算"),"單位待核",IF(AA11<>"OK",AA11,"OK")))))))) | AG11: =IF(COUNTA($A11:$D11)=0,"",IF(N11="ND","ND取0",IF(OR(N11="<",N11="<="),"界限除以2",IF(N11="NA","不適用",IF(OR(N11=">",N11=">="),"保留界限數值","保留原數值"))))) | AH11: =IF(O11="","",IFERROR(_xlfn.NUMBERVALUE(O11,".",","),"")) | AI11: =IF(H11="","",IFERROR(MATCH(H11,Samples[樣品編號],0),0))
A12: pH | B12: 6.53 | C12: 無因次 | D12: 合成資料，非實測；method=field | E12: =IF(OR(I12="",I12=0),"",IF(INDEX(Samples[監測點],I12)="","",INDEX(Samples[監測點],I12))) | F12: =IF(OR(I12="",I12=0),"",IF(INDEX(Samples[採樣日期],I12)="","",INDEX(Samples[採樣日期],I12))) | G12: =IF(OR(M12="",M12="NA",M12="N/A"),"",IF(OR(M12="ND",M12="N.D."),0,IFERROR(IF(OR(OR(ISNUMBER(SEARCH("%",O12)),ISNUMBER(SEARCH(" ",O12)),ISNUMBER(SEARCH(",",O12))),OR(SUBSTITUTE(SUBSTITUTE(SUBSTITUTE(SUBSTITUTE(SUBSTITUTE(SUBSTITUTE(SUBSTITUTE(SUBSTITUTE(SUBSTITUTE(SUBSTITUTE(SUBSTITUTE(SUBSTITUTE(SUBSTITUTE(SUBSTITUTE(SUBSTITUTE(SUBSTITUTE(SUBSTITUTE(SUBSTITUTE("x"&M12,"0",""),"1",""),"2",""),"3",""),"4",""),"5",""),"6",""),"7",""),"8",""),"9",""),".",""),"E",""),"+",""),"-",""),"<",""),">",""),"=","")," ","")<>"x",ISNUMBER(SEARCH("-",SUBSTITUTE(SUBSTITUTE("x"&MID(M12,2,99),"E-","E"),"E+","E"))),ISNUMBER(SEARCH("+",SUBSTITUTE(SUBSTITUTE("x"&MID(M12,2,99),"E-","E"),"E+","E"))))),"",IF(AND(OR(LEFT(M12,1)="<",LEFT(M12,1)=">"),IF(O12="",0,IF(ISNUMBER(AH12),AH12,NA()))<0),"",IF(O12="",0,IF(ISNUMBER(AH12),AH12,NA()))/IF(LEFT(M12,1)="<",2,1))),""))) | H12: BH01-W_20260115_02 | I12: =IF(OR(H12="",AI12=0),0,IF(INDEX(Samples[樣品重複筆數],AI12)=1,AI12,0)) | J12: =IF(OR(COUNTA($A12:$D12)=0,I12=0),"",IF(INDEX(Samples[介質],I12)="","",INDEX(Samples[介質],I12))) | K12: =IF(OR(COUNTA($A12:$D12)=0,T12=0),"",IF(INDEX(DB_04[標準單位],T12)="","",INDEX(DB_04[標準單位],T12))) | L12: =IF(COUNTA($A12:$D12)=0,"",IF(OR(C12="",K12=""),"",IF(C12=K12,1,IF(COUNTIFS(DB_06[換算鍵],C12&"|"&K12,DB_06[換算檢查],"OK")=1,INDEX(DB_06[乘數],MATCH(C12&"|"&K12,DB_06[換算鍵],0)),"")))) | M12: =UPPER(SUBSTITUTE(SUBSTITUTE(SUBSTITUTE(SUBSTITUTE(TRIM(B12&""),"＜","<"),"＞",">"),"≤","<="),"≥",">=")) | N12: =IF(M12="","",IF(OR(M12="ND",M12="N.D."),"ND",IF(OR(M12="NA",M12="N/A",M12="N.A."),"NA",IF(OR(LEFT(M12,2)="<=",LEFT(M12,2)=">="),LEFT(M12,2),IF(OR(LEFT(M12,1)="<",LEFT(M12,1)=">"),LEFT(M12,1),"數值"))))) | O12: =IF(OR(N12="",N12="ND",N12="NA"),"",IF(N12="數值",M12,TRIM(MID(M12,LEN(N12)+1,99)))) | P12: =IF(O12="","",IFERROR(IF(OR(OR(ISNUMBER(SEARCH("%",O12)),ISNUMBER(SEARCH(" ",O12)),ISNUMBER(SEARCH(",",O12))),OR(SUBSTITUTE(SUBSTITUTE(SUBSTITUTE(SUBSTITUTE(SUBSTITUTE(SUBSTITUTE(SUBSTITUTE(SUBSTITUTE(SUBSTITUTE(SUBSTITUTE(SUBSTITUTE(SUBSTITUTE(SUBSTITUTE(SUBSTITUTE(SUBSTITUTE(SUBSTITUTE(SUBSTITUTE(SUBSTITUTE("x"&O12,"0",""),"1",""),"2",""),"3",""),"4",""),"5",""),"6",""),"7",""),"8",""),"9",""),".",""),"E",""),"+",""),"-",""),"<",""),">",""),"=","")," ","")<>"x",ISNUMBER(SEARCH("-",SUBSTITUTE(SUBSTITUTE("x"&MID(O12,2,99),"E-","E"),"E+","E"))),ISNUMBER(SEARCH("+",SUBSTITUTE(SUBSTITUTE("x"&MID(O12,2,99),"E-","E"),"E+","E"))))),"",IF(ISNUMBER(AH12),AH12,NA())),"")) | Q12: =IF(AND(ISNUMBER(L12),ISNUMBER(P12)),L12*P12,"") | R12: =IF(OR(COUNTA($A12:$D12)=0,U12=0),"",IF(INDEX(DB_05[管制設定值],U12)="","",INDEX(DB_05[管制設定值],U12))) | S12: =IF(OR(COUNTA($A12:$D12)=0,U12=0),"",IF(INDEX(DB_05[監測設定值],U12)="","",INDEX(DB_05[監測設定值],U12))) | T12: =IF(COUNTA($A12:$D12)=0,"",IF(COUNTIFS(DB_04[測項鍵],V12)=1,MATCH(V12,DB_04[測項鍵],0),0)) | U12: =IF(COUNTA($A12:$D12)=0,"",IF(COUNTIFS(DB_05[標準鍵],W12)=1,MATCH(W12,DB_05[標準鍵],0),0)) | V12: =IF(OR(J12="",A12=""),"",J12&"|"&A12) | W12: =IF(OR('07_QAQC'!$C$3="",V12=""),"",'07_QAQC'!$C$3&"|"&V12) | X12: =IF(OR(H12="",A12=""),"",LEN(H12)&":"&H12&LEN(A12)&":"&A12) | Y12: =IF(COUNTA($A12:$D12)=0,"",IF(I12=0,"樣品未建或重複",IF(INDEX(Samples[樣品檢查],I12)="","OK",INDEX(Samples[樣品檢查],I12)))) | Z12: =IF(COUNTA($A12:$D12)=0,"",IF(B12="","缺原始值",IF(OR(B12="-",B12="--"),"無資料",IF(N12="NA","不適用",IF(N12="ND","OK",IF(NOT(ISNUMBER(P12)),"格式待核",IF(AND(N12<>"數值",P12<0),"界限不得為負","OK"))))))) | AA12: =IF(COUNTA(A12:D12)=0,"",IF(OR(A12="",H12=""),"缺識別欄位",IF(IF(LEN("="&SUBSTITUTE(SUBSTITUTE(SUBSTITUTE(X12,"~","~~"),"*","~*"),"?","~?"))<=255,COUNTIF(Results[結果識別鍵],"="&SUBSTITUTE(SUBSTITUTE(SUBSTITUTE(X12,"~","~~"),"*","~*"),"?","~?")),COUNTIFS(Results[關聯鍵],"="&SUBSTITUTE(SUBSTITUTE(SUBSTITUTE(H12,"~","~~"),"*","~*"),"?","~?"),Results[分析項目],"="&SUBSTITUTE(SUBSTITUTE(SUBSTITUTE(A12,"~","~~"),"*","~*"),"?","~?")))>1,"同關聯鍵測項重複","OK"))) | AB12: =IF(COUNTA($A12:$D12)=0,"",IF(OR(C12="",K12=""),"缺單位",IF(NOT(ISNUMBER(L12)),"單位不相容",IF(L12=1,"OK","已換算")))) | AC12: =IF(COUNTA($A12:$D12)=0,"",IF('07_QAQC'!$C$3="","未選比較版本",IF(U12=0,IF(COUNTIFS(DB_05[標準鍵],W12)>1,"標準鍵重複","未訂此介質／測項門檻"),IF(INDEX(DB_05[版本檢查],U12)<>"OK","標準主檔待核",IF(INDEX(DB_05[標準單位],U12)<>K12,"標準單位不符",IF(INDEX(DB_05[核對狀態],U12)="停用","停用",IF(F12="","缺採樣日期",IF(OR(AND(INDEX(DB_05[生效日],U12)<>"",F12<INDEX(DB_05[生效日],U12)),AND(INDEX(DB_05[失效日],U12)<>"",F12>INDEX(DB_05[失效日],U12))),"日期不適用",INDEX(DB_05[核對狀態],U12))))))))) | AD12: =IF(COUNTA($A12:$D12)=0,"",IF(AC12="未訂此介質／測項門檻",AC12,IF(AC12<>"已核對","標準待核",IF(R12="","未訂管制值",IF(NOT(ISNUMBER(L12)),"單位待核",IF(N12="ND","無法判定（ND無界限）",IF(N12="NA","不適用",IF(Z12<>"OK",Z12,IF(N12="數值",IF(Q12>=R12,"達管制值","未達管制值"),IF(OR(N12="<",N12="<="),IF(OR(Q12<R12,AND(N12="<",Q12=R12)),"未達管制值","無法判定"),IF(OR(N12=">",N12=">="),IF(Q12>=R12,"達管制值","無法判定"),"格式待核"))))))))))) | AE12: =IF(COUNTA($A12:$D12)=0,"",IF(AC12="未訂此介質／測項門檻",AC12,IF(AC12<>"已核對","標準待核",IF(S12="","未訂監測值",IF(NOT(ISNUMBER(L12)),"單位待核",IF(N12="ND","無法判定（ND無界限）",IF(N12="NA","不適用",IF(Z12<>"OK",Z12,IF(N12="數值",IF(Q12>=S12,"達監測值","未達監測值"),IF(OR(N12="<",N12="<="),IF(OR(Q12<S12,AND(N12="<",Q12=S12)),"未達監測值","無法判定"),IF(OR(N12=">",N12=">="),IF(Q12>=S12,"達監測值","無法判定"),"格式待核"))))))))))) | AF12: =IF(COUNTA($A12:$D12)=0,"",IF(OR(E12="",A12="",B12="",C12=""),"缺必要欄位",IF(Y12<>"OK","樣品資料待補",IF(T12=0,"測項未建或重複",IF(INDEX(DB_04[啟用],T12)<>"是","測項停用",IF(AND(Z12<>"OK",Z12<>"不適用"),Z12,IF(AND(AB12<>"OK",AB12<>"已換算"),"單位待核",IF(AA12<>"OK",AA12,"OK")))))))) | AG12: =IF(COUNTA($A12:$D12)=0,"",IF(N12="ND","ND取0",IF(OR(N12="<",N12="<="),"界限除以2",IF(N12="NA","不適用",IF(OR(N12=">",N12=">="),"保留界限數值","保留原數值"))))) | AH12: =IF(O12="","",IFERROR(_xlfn.NUMBERVALUE(O12,".",","),"")) | AI12: =IF(H12="","",IFERROR(MATCH(H12,Samples[樣品編號],0),0))
A13: EC | B13: 0.53 | C13: mS/cm | D13: 合成資料，非實測；method=field; temperature=25; temperature_compensated=25C; reference_temperature=25 | E13: =IF(OR(I13="",I13=0),"",IF(INDEX(Samples[監測點],I13)="","",INDEX(Samples[監測點],I13))) | F13: =IF(OR(I13="",I13=0),"",IF(INDEX(Samples[採樣日期],I13)="","",INDEX(Samples[採樣日期],I13))) | G13: =IF(OR(M13="",M13="NA",M13="N/A"),"",IF(OR(M13="ND",M13="N.D."),0,IFERROR(IF(OR(OR(ISNUMBER(SEARCH("%",O13)),ISNUMBER(SEARCH(" ",O13)),ISNUMBER(SEARCH(",",O13))),OR(SUBSTITUTE(SUBSTITUTE(SUBSTITUTE(SUBSTITUTE(SUBSTITUTE(SUBSTITUTE(SUBSTITUTE(SUBSTITUTE(SUBSTITUTE(SUBSTITUTE(SUBSTITUTE(SUBSTITUTE(SUBSTITUTE(SUBSTITUTE(SUBSTITUTE(SUBSTITUTE(SUBSTITUTE(SUBSTITUTE("x"&M13,"0",""),"1",""),"2",""),"3",""),"4",""),"5",""),"6",""),"7",""),"8",""),"9",""),".",""),"E",""),"+",""),"-",""),"<",""),">",""),"=","")," ","")<>"x",ISNUMBER(SEARCH("-",SUBSTITUTE(SUBSTITUTE("x"&MID(M13,2,99),"E-","E"),"E+","E"))),ISNUMBER(SEARCH("+",SUBSTITUTE(SUBSTITUTE("x"&MID(M13,2,99),"E-","E"),"E+","E"))))),"",IF(AND(OR(LEFT(M13,1)="<",LEFT(M13,1)=">"),IF(O13="",0,IF(ISNUMBER(AH13),AH13,NA()))<0),"",IF(O13="",0,IF(ISNUMBER(AH13),AH13,NA()))/IF(LEFT(M13,1)="<",2,1))),""))) | H13: BH01-W_20260115_02 | I13: =IF(OR(H13="",AI13=0),0,IF(INDEX(Samples[樣品重複筆數],AI13)=1,AI13,0)) | J13: =IF(OR(COUNTA($A13:$D13)=0,I13=0),"",IF(INDEX(Samples[介質],I13)="","",INDEX(Samples[介質],I13))) | K13: =IF(OR(COUNTA($A13:$D13)=0,T13=0),"",IF(INDEX(DB_04[標準單位],T13)="","",INDEX(DB_04[標準單位],T13))) | L13: =IF(COUNTA($A13:$D13)=0,"",IF(OR(C13="",K13=""),"",IF(C13=K13,1,IF(COUNTIFS(DB_06[換算鍵],C13&"|"&K13,DB_06[換算檢查],"OK")=1,INDEX(DB_06[乘數],MATCH(C13&"|"&K13,DB_06[換算鍵],0)),"")))) | M13: =UPPER(SUBSTITUTE(SUBSTITUTE(SUBSTITUTE(SUBSTITUTE(TRIM(B13&""),"＜","<"),"＞",">"),"≤","<="),"≥",">=")) | N13: =IF(M13="","",IF(OR(M13="ND",M13="N.D."),"ND",IF(OR(M13="NA",M13="N/A",M13="N.A."),"NA",IF(OR(LEFT(M13,2)="<=",LEFT(M13,2)=">="),LEFT(M13,2),IF(OR(LEFT(M13,1)="<",LEFT(M13,1)=">"),LEFT(M13,1),"數值"))))) | O13: =IF(OR(N13="",N13="ND",N13="NA"),"",IF(N13="數值",M13,TRIM(MID(M13,LEN(N13)+1,99)))) | P13: =IF(O13="","",IFERROR(IF(OR(OR(ISNUMBER(SEARCH("%",O13)),ISNUMBER(SEARCH(" ",O13)),ISNUMBER(SEARCH(",",O13))),OR(SUBSTITUTE(SUBSTITUTE(SUBSTITUTE(SUBSTITUTE(SUBSTITUTE(SUBSTITUTE(SUBSTITUTE(SUBSTITUTE(SUBSTITUTE(SUBSTITUTE(SUBSTITUTE(SUBSTITUTE(SUBSTITUTE(SUBSTITUTE(SUBSTITUTE(SUBSTITUTE(SUBSTITUTE(SUBSTITUTE("x"&O13,"0",""),"1",""),"2",""),"3",""),"4",""),"5",""),"6",""),"7",""),"8",""),"9",""),".",""),"E",""),"+",""),"-",""),"<",""),">",""),"=","")," ","")<>"x",ISNUMBER(SEARCH("-",SUBSTITUTE(SUBSTITUTE("x"&MID(O13,2,99),"E-","E"),"E+","E"))),ISNUMBER(SEARCH("+",SUBSTITUTE(SUBSTITUTE("x"&MID(O13,2,99),"E-","E"),"E+","E"))))),"",IF(ISNUMBER(AH13),AH13,NA())),"")) | Q13: =IF(AND(ISNUMBER(L13),ISNUMBER(P13)),L13*P13,"") | R13: =IF(OR(COUNTA($A13:$D13)=0,U13=0),"",IF(INDEX(DB_05[管制設定值],U13)="","",INDEX(DB_05[管制設定值],U13))) | S13: =IF(OR(COUNTA($A13:$D13)=0,U13=0),"",IF(INDEX(DB_05[監測設定值],U13)="","",INDEX(DB_05[監測設定值],U13))) | T13: =IF(COUNTA($A13:$D13)=0,"",IF(COUNTIFS(DB_04[測項鍵],V13)=1,MATCH(V13,DB_04[測項鍵],0),0)) | U13: =IF(COUNTA($A13:$D13)=0,"",IF(COUNTIFS(DB_05[標準鍵],W13)=1,MATCH(W13,DB_05[標準鍵],0),0)) | V13: =IF(OR(J13="",A13=""),"",J13&"|"&A13) | W13: =IF(OR('07_QAQC'!$C$3="",V13=""),"",'07_QAQC'!$C$3&"|"&V13) | X13: =IF(OR(H13="",A13=""),"",LEN(H13)&":"&H13&LEN(A13)&":"&A13) | Y13: =IF(COUNTA($A13:$D13)=0,"",IF(I13=0,"樣品未建或重複",IF(INDEX(Samples[樣品檢查],I13)="","OK",INDEX(Samples[樣品檢查],I13)))) | Z13: =IF(COUNTA($A13:$D13)=0,"",IF(B13="","缺原始值",IF(OR(B13="-",B13="--"),"無資料",IF(N13="NA","不適用",IF(N13="ND","OK",IF(NOT(ISNUMBER(P13)),"格式待核",IF(AND(N13<>"數值",P13<0),"界限不得為負","OK"))))))) | AA13: =IF(COUNTA(A13:D13)=0,"",IF(OR(A13="",H13=""),"缺識別欄位",IF(IF(LEN("="&SUBSTITUTE(SUBSTITUTE(SUBSTITUTE(X13,"~","~~"),"*","~*"),"?","~?"))<=255,COUNTIF(Results[結果識別鍵],"="&SUBSTITUTE(SUBSTITUTE(SUBSTITUTE(X13,"~","~~"),"*","~*"),"?","~?")),COUNTIFS(Results[關聯鍵],"="&SUBSTITUTE(SUBSTITUTE(SUBSTITUTE(H13,"~","~~"),"*","~*"),"?","~?"),Results[分析項目],"="&SUBSTITUTE(SUBSTITUTE(SUBSTITUTE(A13,"~","~~"),"*","~*"),"?","~?")))>1,"同關聯鍵測項重複","OK"))) | AB13: =IF(COUNTA($A13:$D13)=0,"",IF(OR(C13="",K13=""),"缺單位",IF(NOT(ISNUMBER(L13)),"單位不相容",IF(L13=1,"OK","已換算")))) | AC13: =IF(COUNTA($A13:$D13)=0,"",IF('07_QAQC'!$C$3="","未選比較版本",IF(U13=0,IF(COUNTIFS(DB_05[標準鍵],W13)>1,"標準鍵重複","未訂此介質／測項門檻"),IF(INDEX(DB_05[版本檢查],U13)<>"OK","標準主檔待核",IF(INDEX(DB_05[標準單位],U13)<>K13,"標準單位不符",IF(INDEX(DB_05[核對狀態],U13)="停用","停用",IF(F13="","缺採樣日期",IF(OR(AND(INDEX(DB_05[生效日],U13)<>"",F13<INDEX(DB_05[生效日],U13)),AND(INDEX(DB_05[失效日],U13)<>"",F13>INDEX(DB_05[失效日],U13))),"日期不適用",INDEX(DB_05[核對狀態],U13))))))))) | AD13: =IF(COUNTA($A13:$D13)=0,"",IF(AC13="未訂此介質／測項門檻",AC13,IF(AC13<>"已核對","標準待核",IF(R13="","未訂管制值",IF(NOT(ISNUMBER(L13)),"單位待核",IF(N13="ND","無法判定（ND無界限）",IF(N13="NA","不適用",IF(Z13<>"OK",Z13,IF(N13="數值",IF(Q13>=R13,"達管制值","未達管制值"),IF(OR(N13="<",N13="<="),IF(OR(Q13<R13,AND(N13="<",Q13=R13)),"未達管制值","無法判定"),IF(OR(N13=">",N13=">="),IF(Q13>=R13,"達管制值","無法判定"),"格式待核"))))))))))) | AE13: =IF(COUNTA($A13:$D13)=0,"",IF(AC13="未訂此介質／測項門檻",AC13,IF(AC13<>"已核對","標準待核",IF(S13="","未訂監測值",IF(NOT(ISNUMBER(L13)),"單位待核",IF(N13="ND","無法判定（ND無界限）",IF(N13="NA","不適用",IF(Z13<>"OK",Z13,IF(N13="數值",IF(Q13>=S13,"達監測值","未達監測值"),IF(OR(N13="<",N13="<="),IF(OR(Q13<S13,AND(N13="<",Q13=S13)),"未達監測值","無法判定"),IF(OR(N13=">",N13=">="),IF(Q13>=S13,"達監測值","無法判定"),"格式待核"))))))))))) | AF13: =IF(COUNTA($A13:$D13)=0,"",IF(OR(E13="",A13="",B13="",C13=""),"缺必要欄位",IF(Y13<>"OK","樣品資料待補",IF(T13=0,"測項未建或重複",IF(INDEX(DB_04[啟用],T13)<>"是","測項停用",IF(AND(Z13<>"OK",Z13<>"不適用"),Z13,IF(AND(AB13<>"OK",AB13<>"已換算"),"單位待核",IF(AA13<>"OK",AA13,"OK")))))))) | AG13: =IF(COUNTA($A13:$D13)=0,"",IF(N13="ND","ND取0",IF(OR(N13="<",N13="<="),"界限除以2",IF(N13="NA","不適用",IF(OR(N13=">",N13=">="),"保留界限數值","保留原數值"))))) | AH13: =IF(O13="","",IFERROR(_xlfn.NUMBERVALUE(O13,".",","),"")) | AI13: =IF(H13="","",IFERROR(MATCH(H13,Samples[樣品編號],0),0))
... A289: 總有機碳 | B289: 3.9 | C289: mg/L | D289: 合成資料，非實測；method=lab | E289: =IF(OR(I289="",I289=0),"",IF(INDEX(Samples[監測點],I289)="","",INDEX(Samples[監測點],I289))) | F289: =IF(OR(I289="",I289=0),"",IF(INDEX(Samples[採樣日期],I289)="","",INDEX(Samples[採樣日期],I289))) | G289: =IF(OR(M289="",M289="NA",M289="N/A"),"",IF(OR(M289="ND",M289="N.D."),0,IFERROR(IF(OR(OR(ISNUMBER(SEARCH("%",O289)),ISNUMBER(SEARCH(" ",O289)),ISNUMBER(SEARCH(",",O289))),OR(SUBSTITUTE(SUBSTITUTE(SUBSTITUTE(SUBSTITUTE(SUBSTITUTE(SUBSTITUTE(SUBSTITUTE(SUBSTITUTE(SUBSTITUTE(SUBSTITUTE(SUBSTITUTE(SUBSTITUTE(SUBSTITUTE(SUBSTITUTE(SUBSTITUTE(SUBSTITUTE(SUBSTITUTE(SUBSTITUTE("x"&M289,"0",""),"1",""),"2",""),"3",""),"4",""),"5",""),"6",""),"7",""),"8",""),"9",""),".",""),"E",""),"+",""),"-",""),"<",""),">",""),"=","")," ","")<>"x",ISNUMBER(SEARCH("-",SUBSTITUTE(SUBSTITUTE("x"&MID(M289,2,99),"E-","E"),"E+","E"))),ISNUMBER(SEARCH("+",SUBSTITUTE(SUBSTITUTE("x"&MID(M289,2,99),"E-","E"),"E+","E"))))),"",IF(AND(OR(LEFT(M289,1)="<",LEFT(M289,1)=">"),IF(O289="",0,IF(ISNUMBER(AH289),AH289,NA()))<0),"",IF(O289="",0,IF(ISNUMBER(AH289),AH289,NA()))/IF(LEFT(M289,1)="<",2,1))),""))) | H289: BH06-W_20260415_03 | I289: =IF(OR(H289="",AI289=0),0,IF(INDEX(Samples[樣品重複筆數],AI289)=1,AI289,0)) | J289: =IF(OR(COUNTA($A289:$D289)=0,I289=0),"",IF(INDEX(Samples[介質],I289)="","",INDEX(Samples[介質],I289))) | K289: =IF(OR(COUNTA($A289:$D289)=0,T289=0),"",IF(INDEX(DB_04[標準單位],T289)="","",INDEX(DB_04[標準單位],T289))) | L289: =IF(COUNTA($A289:$D289)=0,"",IF(OR(C289="",K289=""),"",IF(C289=K289,1,IF(COUNTIFS(DB_06[換算鍵],C289&"|"&K289,DB_06[換算檢查],"OK")=1,INDEX(DB_06[乘數],MATCH(C289&"|"&K289,DB_06[換算鍵],0)),"")))) | M289: =UPPER(SUBSTITUTE(SUBSTITUTE(SUBSTITUTE(SUBSTITUTE(TRIM(B289&""),"＜","<"),"＞",">"),"≤","<="),"≥",">=")) | N289: =IF(M289="","",IF(OR(M289="ND",M289="N.D."),"ND",IF(OR(M289="NA",M289="N/A",M289="N.A."),"NA",IF(OR(LEFT(M289,2)="<=",LEFT(M289,2)=">="),LEFT(M289,2),IF(OR(LEFT(M289,1)="<",LEFT(M289,1)=">"),LEFT(M289,1),"數值"))))) | O289: =IF(OR(N289="",N289="ND",N289="NA"),"",IF(N289="數值",M289,TRIM(MID(M289,LEN(N289)+1,99)))) | P289: =IF(O289="","",IFERROR(IF(OR(OR(ISNUMBER(SEARCH("%",O289)),ISNUMBER(SEARCH(" ",O289)),ISNUMBER(SEARCH(",",O289))),OR(SUBSTITUTE(SUBSTITUTE(SUBSTITUTE(SUBSTITUTE(SUBSTITUTE(SUBSTITUTE(SUBSTITUTE(SUBSTITUTE(SUBSTITUTE(SUBSTITUTE(SUBSTITUTE(SUBSTITUTE(SUBSTITUTE(SUBSTITUTE(SUBSTITUTE(SUBSTITUTE(SUBSTITUTE(SUBSTITUTE("x"&O289,"0",""),"1",""),"2",""),"3",""),"4",""),"5",""),"6",""),"7",""),"8",""),"9",""),".",""),"E",""),"+",""),"-",""),"<",""),">",""),"=","")," ","")<>"x",ISNUMBER(SEARCH("-",SUBSTITUTE(SUBSTITUTE("x"&MID(O289,2,99),"E-","E"),"E+","E"))),ISNUMBER(SEARCH("+",SUBSTITUTE(SUBSTITUTE("x"&MID(O289,2,99),"E-","E"),"E+","E"))))),"",IF(ISNUMBER(AH289),AH289,NA())),"")) | Q289: =IF(AND(ISNUMBER(L289),ISNUMBER(P289)),L289*P289,"") | R289: =IF(OR(COUNTA($A289:$D289)=0,U289=0),"",IF(INDEX(DB_05[管制設定值],U289)="","",INDEX(DB_05[管制設定值],U289))) | S289: =IF(OR(COUNTA($A289:$D289)=0,U289=0),"",IF(INDEX(DB_05[監測設定值],U289)="","",INDEX(DB_05[監測設定值],U289))) | T289: =IF(COUNTA($A289:$D289)=0,"",IF(COUNTIFS(DB_04[測項鍵],V289)=1,MATCH(V289,DB_04[測項鍵],0),0)) | U289: =IF(COUNTA($A289:$D289)=0,"",IF(COUNTIFS(DB_05[標準鍵],W289)=1,MATCH(W289,DB_05[標準鍵],0),0)) | V289: =IF(OR(J289="",A289=""),"",J289&"|"&A289) | W289: =IF(OR('07_QAQC'!$C$3="",V289=""),"",'07_QAQC'!$C$3&"|"&V289) | X289: =IF(OR(H289="",A289=""),"",LEN(H289)&":"&H289&LEN(A289)&":"&A289) | Y289: =IF(COUNTA($A289:$D289)=0,"",IF(I289=0,"樣品未建或重複",IF(INDEX(Samples[樣品檢查],I289)="","OK",INDEX(Samples[樣品檢查],I289)))) | Z289: =IF(COUNTA($A289:$D289)=0,"",IF(B289="","缺原始值",IF(OR(B289="-",B289="--"),"無資料",IF(N289="NA","不適用",IF(N289="ND","OK",IF(NOT(ISNUMBER(P289)),"格式待核",IF(AND(N289<>"數值",P289<0),"界限不得為負","OK"))))))) | AA289: =IF(COUNTA(A289:D289)=0,"",IF(OR(A289="",H289=""),"缺識別欄位",IF(IF(LEN("="&SUBSTITUTE(SUBSTITUTE(SUBSTITUTE(X289,"~","~~"),"*","~*"),"?","~?"))<=255,COUNTIF(Results[結果識別鍵],"="&SUBSTITUTE(SUBSTITUTE(SUBSTITUTE(X289,"~","~~"),"*","~*"),"?","~?")),COUNTIFS(Results[關聯鍵],"="&SUBSTITUTE(SUBSTITUTE(SUBSTITUTE(H289,"~","~~"),"*","~*"),"?","~?"),Results[分析項目],"="&SUBSTITUTE(SUBSTITUTE(SUBSTITUTE(A289,"~","~~"),"*","~*"),"?","~?")))>1,"同關聯鍵測項重複","OK"))) | AB289: =IF(COUNTA($A289:$D289)=0,"",IF(OR(C289="",K289=""),"缺單位",IF(NOT(ISNUMBER(L289)),"單位不相容",IF(L289=1,"OK","已換算")))) | AC289: =IF(COUNTA($A289:$D289)=0,"",IF('07_QAQC'!$C$3="","未選比較版本",IF(U289=0,IF(COUNTIFS(DB_05[標準鍵],W289)>1,"標準鍵重複","未訂此介質／測項門檻"),IF(INDEX(DB_05[版本檢查],U289)<>"OK","標準主檔待核",IF(INDEX(DB_05[標準單位],U289)<>K289,"標準單位不符",IF(INDEX(DB_05[核對狀態],U289)="停用","停用",IF(F289="","缺採樣日期",IF(OR(AND(INDEX(DB_05[生效日],U289)<>"",F289<INDEX(DB_05[生效日],U289)),AND(INDEX(DB_05[失效日],U289)<>"",F289>INDEX(DB_05[失效日],U289))),"日期不適用",INDEX(DB_05[核對狀態],U289))))))))) | AD289: =IF(COUNTA($A289:$D289)=0,"",IF(AC289="未訂此介質／測項門檻",AC289,IF(AC289<>"已核對","標準待核",IF(R289="","未訂管制值",IF(NOT(ISNUMBER(L289)),"單位待核",IF(N289="ND","無法判定（ND無界限）",IF(N289="NA","不適用",IF(Z289<>"OK",Z289,IF(N289="數值",IF(Q289>=R289,"達管制值","未達管制值"),IF(OR(N289="<",N289="<="),IF(OR(Q289<R289,AND(N289="<",Q289=R289)),"未達管制值","無法判定"),IF(OR(N289=">",N289=">="),IF(Q289>=R289,"達管制值","無法判定"),"格式待核"))))))))))) | AE289: =IF(COUNTA($A289:$D289)=0,"",IF(AC289="未訂此介質／測項門檻",AC289,IF(AC289<>"已核對","標準待核",IF(S289="","未訂監測值",IF(NOT(ISNUMBER(L289)),"單位待核",IF(N289="ND","無法判定（ND無界限）",IF(N289="NA","不適用",IF(Z289<>"OK",Z289,IF(N289="數值",IF(Q289>=S289,"達監測值","未達監測值"),IF(OR(N289="<",N289="<="),IF(OR(Q289<S289,AND(N289="<",Q289=S289)),"未達監測值","無法判定"),IF(OR(N289=">",N289=">="),IF(Q289>=S289,"達監測值","無法判定"),"格式待核"))))))))))) | AF289: =IF(COUNTA($A289:$D289)=0,"",IF(OR(E289="",A289="",B289="",C289=""),"缺必要欄位",IF(Y289<>"OK","樣品資料待補",IF(T289=0,"測項未建或重複",IF(INDEX(DB_04[啟用],T289)<>"是","測項停用",IF(AND(Z289<>"OK",Z289<>"不適用"),Z289,IF(AND(AB289<>"OK",AB289<>"已換算"),"單位待核",IF(AA289<>"OK",AA289,"OK")))))))) | AG289: =IF(COUNTA($A289:$D289)=0,"",IF(N289="ND","ND取0",IF(OR(N289="<",N289="<="),"界限除以2",IF(N289="NA","不適用",IF(OR(N289=">",N289=">="),"保留界限數值","保留原數值"))))) | AH289: =IF(O289="","",IFERROR(_xlfn.NUMBERVALUE(O289,".",","),"")) | AI289: =IF(H289="","",IFERROR(MATCH(H289,Samples[樣品編號],0),0))

Sheet 03_點位主檔
A1: 監測點 | B1: 點位類型 | C1: 預設介質 | D1: 井深(m) | E1: TWD97(X) | F1: TWD97(Y) | G1: 絕對高程(m) | H1: 篩管頂深(m) | I1: 篩管底深(m) | J1: 井管直徑(m) | K1: 啟用 | L1: 備註 | M1: 篩長(m) | N1: 點位檢查
A2: BH01-S | B2: 土壤鑽孔 | C2: 土壤 | D2: 3 | E2: 250000 | F2: 2650000 | G2: 10 | K2: 是 | L2: 合成資料，非實測；crs=EPSG:3826; elevation_datum=ground; wellhead_offset=0 | M2: =IF(AND(ISNUMBER(H2),ISNUMBER(I2)),I2-H2,"") | N2: =IF(COUNTA(A2:L2)=0,"",IF(OR(A2="",C2="",K2=""),"缺必要欄位",IF(COUNTIFS(DB_03[監測點],A2)>1,"點位編號重複",IF(AND(C2="地下水",OR(NOT(ISNUMBER(D2)),NOT(ISNUMBER(H2)),NOT(ISNUMBER(I2)),H2<0,I2<H2,I2>D2)),"井深或篩管深度錯誤","OK"))))
A3: BH01-W | B3: 監測井 | C3: 地下水 | D3: 10 | E3: 250000 | F3: 2650000 | G3: 10 | H3: 0.3 | I3: 8 | J3: 0.05 | K3: 是 | L3: 合成資料，非實測；crs=EPSG:3826; elevation_datum=ground; wellhead_offset=0 | M3: =IF(AND(ISNUMBER(H3),ISNUMBER(I3)),I3-H3,"") | N3: =IF(COUNTA(A3:L3)=0,"",IF(OR(A3="",C3="",K3=""),"缺必要欄位",IF(COUNTIFS(DB_03[監測點],A3)>1,"點位編號重複",IF(AND(C3="地下水",OR(NOT(ISNUMBER(D3)),NOT(ISNUMBER(H3)),NOT(ISNUMBER(I3)),H3<0,I3<H3,I3>D3)),"井深或篩管深度錯誤","OK"))))
A4: BH02-S | B4: 土壤鑽孔 | C4: 土壤 | D4: 3 | E4: 250020 | F4: 2650000 | G4: 10.4 | K4: 是 | L4: 合成資料，非實測；crs=EPSG:3826; elevation_datum=ground; wellhead_offset=0 | M4: =IF(AND(ISNUMBER(H4),ISNUMBER(I4)),I4-H4,"") | N4: =IF(COUNTA(A4:L4)=0,"",IF(OR(A4="",C4="",K4=""),"缺必要欄位",IF(COUNTIFS(DB_03[監測點],A4)>1,"點位編號重複",IF(AND(C4="地下水",OR(NOT(ISNUMBER(D4)),NOT(ISNUMBER(H4)),NOT(ISNUMBER(I4)),H4<0,I4<H4,I4>D4)),"井深或篩管深度錯誤","OK"))))
A5: BH02-W | B5: 監測井 | C5: 地下水 | D5: 10 | E5: 250020 | F5: 2650000 | G5: 10.4 | H5: 0.3 | I5: 8 | J5: 0.05 | K5: 是 | L5: 合成資料，非實測；crs=EPSG:3826; elevation_datum=ground; wellhead_offset=0 | M5: =IF(AND(ISNUMBER(H5),ISNUMBER(I5)),I5-H5,"") | N5: =IF(COUNTA(A5:L5)=0,"",IF(OR(A5="",C5="",K5=""),"缺必要欄位",IF(COUNTIFS(DB_03[監測點],A5)>1,"點位編號重複",IF(AND(C5="地下水",OR(NOT(ISNUMBER(D5)),NOT(ISNUMBER(H5)),NOT(ISNUMBER(I5)),H5<0,I5<H5,I5>D5)),"井深或篩管深度錯誤","OK"))))
A6: BH03-S | B6: 土壤鑽孔 | C6: 土壤 | D6: 3 | E6: 250000 | F6: 2650020 | G6: 10 | K6: 是 | L6: 合成資料，非實測；crs=EPSG:3826; elevation_datum=ground; wellhead_offset=0 | M6: =IF(AND(ISNUMBER(H6),ISNUMBER(I6)),I6-H6,"") | N6: =IF(COUNTA(A6:L6)=0,"",IF(OR(A6="",C6="",K6=""),"缺必要欄位",IF(COUNTIFS(DB_03[監測點],A6)>1,"點位編號重複",IF(AND(C6="地下水",OR(NOT(ISNUMBER(D6)),NOT(ISNUMBER(H6)),NOT(ISNUMBER(I6)),H6<0,I6<H6,I6>D6)),"井深或篩管深度錯誤","OK"))))
A7: BH03-W | B7: 監測井 | C7: 地下水 | D7: 10 | E7: 250000 | F7: 2650020 | G7: 10 | H7: 0.3 | I7: 8 | J7: 0.05 | K7: 是 | L7: 合成資料，非實測；crs=EPSG:3826; elevation_datum=ground; wellhead_offset=0 | M7: =IF(AND(ISNUMBER(H7),ISNUMBER(I7)),I7-H7,"") | N7: =IF(COUNTA(A7:L7)=0,"",IF(OR(A7="",C7="",K7=""),"缺必要欄位",IF(COUNTIFS(DB_03[監測點],A7)>1,"點位編號重複",IF(AND(C7="地下水",OR(NOT(ISNUMBER(D7)),NOT(ISNUMBER(H7)),NOT(ISNUMBER(I7)),H7<0,I7<H7,I7>D7)),"井深或篩管深度錯誤","OK"))))
A8: BH04-S | B8: 土壤鑽孔 | C8: 土壤 | D8: 3 | E8: 250020 | F8: 2650020 | G8: 10.4 | K8: 是 | L8: 合成資料，非實測；crs=EPSG:3826; elevation_datum=ground; wellhead_offset=0 | M8: =IF(AND(ISNUMBER(H8),ISNUMBER(I8)),I8-H8,"") | N8: =IF(COUNTA(A8:L8)=0,"",IF(OR(A8="",C8="",K8=""),"缺必要欄位",IF(COUNTIFS(DB_03[監測點],A8)>1,"點位編號重複",IF(AND(C8="地下水",OR(NOT(ISNUMBER(D8)),NOT(ISNUMBER(H8)),NOT(ISNUMBER(I8)),H8<0,I8<H8,I8>D8)),"井深或篩管深度錯誤","OK"))))
A9: BH04-W | B9: 監測井 | C9: 地下水 | D9: 10 | E9: 250020 | F9: 2650020 | G9: 10.4 | H9: 0.3 | I9: 8 | J9: 0.05 | K9: 是 | L9: 合成資料，非實測；crs=EPSG:3826; elevation_datum=ground; wellhead_offset=0 | M9: =IF(AND(ISNUMBER(H9),ISNUMBER(I9)),I9-H9,"") | N9: =IF(COUNTA(A9:L9)=0,"",IF(OR(A9="",C9="",K9=""),"缺必要欄位",IF(COUNTIFS(DB_03[監測點],A9)>1,"點位編號重複",IF(AND(C9="地下水",OR(NOT(ISNUMBER(D9)),NOT(ISNUMBER(H9)),NOT(ISNUMBER(I9)),H9<0,I9<H9,I9>D9)),"井深或篩管深度錯誤","OK"))))
A10: BH05-S | B10: 土壤鑽孔 | C10: 土壤 | D10: 3 | E10: 250008 | F10: 2650012 | G10: 10.16 | K10: 是 | L10: 合成資料，非實測；crs=EPSG:3826; elevation_datum=ground; wellhead_offset=0 | M10: =IF(AND(ISNUMBER(H10),ISNUMBER(I10)),I10-H10,"") | N10: =IF(COUNTA(A10:L10)=0,"",IF(OR(A10="",C10="",K10=""),"缺必要欄位",IF(COUNTIFS(DB_03[監測點],A10)>1,"點位編號重複",IF(AND(C10="地下水",OR(NOT(ISNUMBER(D10)),NOT(ISNUMBER(H10)),NOT(ISNUMBER(I10)),H10<0,I10<H10,I10>D10)),"井深或篩管深度錯誤","OK"))))
A11: BH05-W | B11: 監測井 | C11: 地下水 | D11: 10 | E11: 250008 | F11: 2650012 | G11: 10.16 | H11: 0.3 | I11: 8 | J11: 0.05 | K11: 是 | L11: 合成資料，非實測；crs=EPSG:3826; elevation_datum=ground; wellhead_offset=0 | M11: =IF(AND(ISNUMBER(H11),ISNUMBER(I11)),I11-H11,"") | N11: =IF(COUNTA(A11:L11)=0,"",IF(OR(A11="",C11="",K11=""),"缺必要欄位",IF(COUNTIFS(DB_03[監測點],A11)>1,"點位編號重複",IF(AND(C11="地下水",OR(NOT(ISNUMBER(D11)),NOT(ISNUMBER(H11)),NOT(ISNUMBER(I11)),H11<0,I11<H11,I11>D11)),"井深或篩管深度錯誤","OK"))))
A12: BH06-S | B12: 土壤鑽孔 | C12: 土壤 | D12: 3 | E12: 250015 | F12: 2650008 | G12: 10.3 | K12: 是 | L12: 合成資料，非實測；crs=EPSG:3826; elevation_datum=ground; wellhead_offset=0 | M12: =IF(AND(ISNUMBER(H12),ISNUMBER(I12)),I12-H12,"") | N12: =IF(COUNTA(A12:L12)=0,"",IF(OR(A12="",C12="",K12=""),"缺必要欄位",IF(COUNTIFS(DB_03[監測點],A12)>1,"點位編號重複",IF(AND(C12="地下水",OR(NOT(ISNUMBER(D12)),NOT(ISNUMBER(H12)),NOT(ISNUMBER(I12)),H12<0,I12<H12,I12>D12)),"井深或篩管深度錯誤","OK"))))
A13: BH06-W | B13: 監測井 | C13: 地下水 | D13: 10 | E13: 250015 | F13: 2650008 | G13: 10.3 | H13: 0.3 | I13: 8 | J13: 0.05 | K13: 是 | L13: 合成資料，非實測；crs=EPSG:3826; elevation_datum=ground; wellhead_offset=0 | M13: =IF(AND(ISNUMBER(H13),ISNUMBER(I13)),I13-H13,"") | N13: =IF(COUNTA(A13:L13)=0,"",IF(OR(A13="",C13="",K13=""),"缺必要欄位",IF(COUNTIFS(DB_03[監測點],A13)>1,"點位編號重複",IF(AND(C13="地下水",OR(NOT(ISNUMBER(D13)),NOT(ISNUMBER(H13)),NOT(ISNUMBER(I13)),H13<0,I13<H13,I13>D13)),"井深或篩管深度錯誤","OK"))))

Sheet 04_測項與清單
A1: 介質 | B1: 分析項目 | C1: 別名/英文 | D1: 測項類別 | E1: 預設分析方法 | F1: 標準單位 | G1: 啟用 | H1: 測項鍵 | I1: 主檔檢查 | K1: 來源單位 | L1: 目標單位 | M1: 乘數 | N1: 換算鍵 | O1: 換算檢查 | Q1: 版本代碼 | R1: 說明 | T1: 設定 | U1: 定義
A2: 地下水 | B2: 採樣深度 | D2: 現場／檢測項目 | F2: m | G2: 是 | H2: =IF(OR(A2="",B2=""),"",A2&"|"&B2) | I2: =IF(COUNTA(A2:G2)=0,"",IF(OR(A2="",B2="",F2="",G2=""),"缺必要欄位",IF(COUNTIFS(DB_04[測項鍵],H2)>1,"測項鍵重複","OK"))) | K2: mg/L | L2: mg/L | M2: 1 | N2: =IF(OR(K2="",L2=""),"",K2&"|"&L2) | O2: =IF(COUNTA(K2:M2)=0,"",IF(OR(K2="",L2="",NOT(ISNUMBER(M2)),M2<=0),"單位或乘數無效",IF(COUNTIFS(DB_06[換算鍵],N2)>1,"換算鍵重複","OK"))) | Q2: TW-GW2-20251223 | R2: 地下水第二類；第一類以外；管制2025-12-23版，監測2013-12-18版 | T2: NA | U2: 不適用，解析值留白。
A3: 地下水 | B3: 水位 | D3: 現場／檢測項目 | F3: m | G3: 是 | H3: =IF(OR(A3="",B3=""),"",A3&"|"&B3) | I3: =IF(COUNTA(A3:G3)=0,"",IF(OR(A3="",B3="",F3="",G3=""),"缺必要欄位",IF(COUNTIFS(DB_04[測項鍵],H3)>1,"測項鍵重複","OK"))) | K3: μg/L | L3: mg/L | M3: 0.001 | N3: =IF(OR(K3="",L3=""),"",K3&"|"&L3) | O3: =IF(COUNTA(K3:M3)=0,"",IF(OR(K3="",L3="",NOT(ISNUMBER(M3)),M3<=0),"單位或乘數無效",IF(COUNTIFS(DB_06[換算鍵],N3)>1,"換算鍵重複","OK"))) | Q3: TW-GW1-20251223 | R3: 地下水第一類；飲用水水源水質保護區內；管制2025-12-23版 | T3: ND | U3: 未檢出，解析值取0；標準比較不以0代替檢出界限。
A4: 地下水 | B4: pH | D4: 現場／檢測項目 | F4: 無因次 | G4: 是 | H4: =IF(OR(A4="",B4=""),"",A4&"|"&B4) | I4: =IF(COUNTA(A4:G4)=0,"",IF(OR(A4="",B4="",F4="",G4=""),"缺必要欄位",IF(COUNTIFS(DB_04[測項鍵],H4)>1,"測項鍵重複","OK"))) | K4: µg/L | L4: mg/L | M4: 0.001 | N4: =IF(OR(K4="",L4=""),"",K4&"|"&L4) | O4: =IF(COUNTA(K4:M4)=0,"",IF(OR(K4="",L4="",NOT(ISNUMBER(M4)),M4<=0),"單位或乘數無效",IF(COUNTIFS(DB_06[換算鍵],N4)>1,"換算鍵重複","OK"))) | Q4: TW-SOIL-20110131 | R4: 土壤一般；排除食用作物農地的特殊門檻
A5: 地下水 | B5: EC | D5: 現場／檢測項目 | F5: μmho/cm | G5: 是 | H5: =IF(OR(A5="",B5=""),"",A5&"|"&B5) | I5: =IF(COUNTA(A5:G5)=0,"",IF(OR(A5="",B5="",F5="",G5=""),"缺必要欄位",IF(COUNTIFS(DB_04[測項鍵],H5)>1,"測項鍵重複","OK"))) | K5: ug/L | L5: mg/L | M5: 0.001 | N5: =IF(OR(K5="",L5=""),"",K5&"|"&L5) | O5: =IF(COUNTA(K5:M5)=0,"",IF(OR(K5="",L5="",NOT(ISNUMBER(M5)),M5<=0),"單位或乘數無效",IF(COUNTIFS(DB_06[換算鍵],N5)>1,"換算鍵重複","OK"))) | Q5: TW-SOIL-FOOD-20110131 | R5: 土壤食用作物農地；鎘、銅、汞、鉛、鋅採農地門檻
A6: 地下水 | B6: DO | D6: 現場／檢測項目 | F6: mg/L | G6: 是 | H6: =IF(OR(A6="",B6=""),"",A6&"|"&B6) | I6: =IF(COUNTA(A6:G6)=0,"",IF(OR(A6="",B6="",F6="",G6=""),"缺必要欄位",IF(COUNTIFS(DB_04[測項鍵],H6)>1,"測項鍵重複","OK"))) | K6: mg/L | L6: μg/L | M6: 1000 | N6: =IF(OR(K6="",L6=""),"",K6&"|"&L6) | O6: =IF(COUNTA(K6:M6)=0,"",IF(OR(K6="",L6="",NOT(ISNUMBER(M6)),M6<=0),"單位或乘數無效",IF(COUNTIFS(DB_06[換算鍵],N6)>1,"換算鍵重複","OK"))) | T6: 介質 | U6: 介質清單維護
A7: 地下水 | B7: ORP | D7: 現場／檢測項目 | F7: mv | G7: 是 | H7: =IF(OR(A7="",B7=""),"",A7&"|"&B7) | I7: =IF(COUNTA(A7:G7)=0,"",IF(OR(A7="",B7="",F7="",G7=""),"缺必要欄位",IF(COUNTIFS(DB_04[測項鍵],H7)>1,"測項鍵重複","OK"))) | K7: μg/L | L7: μg/L | M7: 1 | N7: =IF(OR(K7="",L7=""),"",K7&"|"&L7) | O7: =IF(COUNTA(K7:M7)=0,"",IF(OR(K7="",L7="",NOT(ISNUMBER(M7)),M7<=0),"單位或乘數無效",IF(COUNTIFS(DB_06[換算鍵],N7)>1,"換算鍵重複","OK"))) | T7: 地下水 | U7: 在介質表格最後一格按 Tab，再輸入新介質。
A8: 地下水 | B8: 三氯乙烯 | D8: 氯化碳氫化合物 | F8: mg/L | G8: 是 | H8: =IF(OR(A8="",B8=""),"",A8&"|"&B8) | I8: =IF(COUNTA(A8:G8)=0,"",IF(OR(A8="",B8="",F8="",G8=""),"缺必要欄位",IF(COUNTIFS(DB_04[測項鍵],H8)>1,"測項鍵重複","OK"))) | K8: mg/kg | L8: mg/kg | M8: 1 | N8: =IF(OR(K8="",L8=""),"",K8&"|"&L8) | O8: =IF(COUNTA(K8:M8)=0,"",IF(OR(K8="",L8="",NOT(ISNUMBER(M8)),M8<=0),"單位或乘數無效",IF(COUNTIFS(DB_06[換算鍵],N8)>1,"換算鍵重複","OK"))) | T8: 土壤 | U8: 四個分頁的介質下拉選單會同步更新。
A9: 地下水 | B9: 順-1,2-二氯乙烯 | D9: 氯化碳氫化合物 | F9: mg/L | G9: 是 | H9: =IF(OR(A9="",B9=""),"",A9&"|"&B9) | I9: =IF(COUNTA(A9:G9)=0,"",IF(OR(A9="",B9="",F9="",G9=""),"缺必要欄位",IF(COUNTIFS(DB_04[測項鍵],H9)>1,"測項鍵重複","OK"))) | K9: μg/kg | L9: mg/kg | M9: 0.001 | N9: =IF(OR(K9="",L9=""),"",K9&"|"&L9) | O9: =IF(COUNTA(K9:M9)=0,"",IF(OR(K9="",L9="",NOT(ISNUMBER(M9)),M9<=0),"單位或乘數無效",IF(COUNTIFS(DB_06[換算鍵],N9)>1,"換算鍵重複","OK"))) | T9: 系統水 | U9: 每列一項，避免空白列與重複名稱。
A10: 地下水 | B10: 反-1,2-二氯乙烯 | D10: 氯化碳氫化合物 | F10: mg/L | G10: 是 | H10: =IF(OR(A10="",B10=""),"",A10&"|"&B10) | I10: =IF(COUNTA(A10:G10)=0,"",IF(OR(A10="",B10="",F10="",G10=""),"缺必要欄位",IF(COUNTIFS(DB_04[測項鍵],H10)>1,"測項鍵重複","OK"))) | K10: µg/kg | L10: mg/kg | M10: 0.001 | N10: =IF(OR(K10="",L10=""),"",K10&"|"&L10) | O10: =IF(COUNTA(K10:M10)=0,"",IF(OR(K10="",L10="",NOT(ISNUMBER(M10)),M10<=0),"單位或乘數無效",IF(COUNTIFS(DB_06[換算鍵],N10)>1,"換算鍵重複","OK"))) | U10: 新增介質後，依需要建立點位、測項與標準。
A11: 地下水 | B11: 1,1-二氯乙烯 | D11: 氯化碳氫化合物 | F11: mg/L | G11: 是 | H11: =IF(OR(A11="",B11=""),"",A11&"|"&B11) | I11: =IF(COUNTA(A11:G11)=0,"",IF(OR(A11="",B11="",F11="",G11=""),"缺必要欄位",IF(COUNTIFS(DB_04[測項鍵],H11)>1,"測項鍵重複","OK"))) | K11: ug/kg | L11: mg/kg | M11: 0.001 | N11: =IF(OR(K11="",L11=""),"",K11&"|"&L11) | O11: =IF(COUNTA(K11:M11)=0,"",IF(OR(K11="",L11="",NOT(ISNUMBER(M11)),M11<=0),"單位或乘數無效",IF(COUNTIFS(DB_06[換算鍵],N11)>1,"換算鍵重複","OK")))
A12: 地下水 | B12: 1,1-二氯乙烷 | D12: 氯化碳氫化合物 | F12: mg/L | G12: 是 | H12: =IF(OR(A12="",B12=""),"",A12&"|"&B12) | I12: =IF(COUNTA(A12:G12)=0,"",IF(OR(A12="",B12="",F12="",G12=""),"缺必要欄位",IF(COUNTIFS(DB_04[測項鍵],H12)>1,"測項鍵重複","OK"))) | K12: m | L12: m | M12: 1 | N12: =IF(OR(K12="",L12=""),"",K12&"|"&L12) | O12: =IF(COUNTA(K12:M12)=0,"",IF(OR(K12="",L12="",NOT(ISNUMBER(M12)),M12<=0),"單位或乘數無效",IF(COUNTIFS(DB_06[換算鍵],N12)>1,"換算鍵重複","OK")))
A13: 地下水 | B13: 氯乙烯 | D13: 氯化碳氫化合物 | F13: mg/L | G13: 是 | H13: =IF(OR(A13="",B13=""),"",A13&"|"&B13) | I13: =IF(COUNTA(A13:G13)=0,"",IF(OR(A13="",B13="",F13="",G13=""),"缺必要欄位",IF(COUNTIFS(DB_04[測項鍵],H13)>1,"測項鍵重複","OK"))) | K13: mV | L13: mV | M13: 1 | N13: =IF(OR(K13="",L13=""),"",K13&"|"&L13) | O13: =IF(COUNTA(K13:M13)=0,"",IF(OR(K13="",L13="",NOT(ISNUMBER(M13)),M13<=0),"單位或乘數無效",IF(COUNTIFS(DB_06[換算鍵],N13)>1,"換算鍵重複","OK")))
A14: 地下水 | B14: PID(250ml)頂空 | D14: 現場／檢測項目 | F14: ppmV | G14: 是 | H14: =IF(OR(A14="",B14=""),"",A14&"|"&B14) | I14: =IF(COUNTA(A14:G14)=0,"",IF(OR(A14="",B14="",F14="",G14=""),"缺必要欄位",IF(COUNTIFS(DB_04[測項鍵],H14)>1,"測項鍵重複","OK"))) | K14: μS/cm | L14: μS/cm | M14: 1 | N14: =IF(OR(K14="",L14=""),"",K14&"|"&L14) | O14: =IF(COUNTA(K14:M14)=0,"",IF(OR(K14="",L14="",NOT(ISNUMBER(M14)),M14<=0),"單位或乘數無效",IF(COUNTIFS(DB_06[換算鍵],N14)>1,"換算鍵重複","OK")))
A15: 地下水 | B15: 總有機碳 | D15: 背景與指標水質 | F15: mg/L | G15: 是 | H15: =IF(OR(A15="",B15=""),"",A15&"|"&B15) | I15: =IF(COUNTA(A15:G15)=0,"",IF(OR(A15="",B15="",F15="",G15=""),"缺必要欄位",IF(COUNTIFS(DB_04[測項鍵],H15)>1,"測項鍵重複","OK"))) | K15: µS/cm | L15: μS/cm | M15: 1 | N15: =IF(OR(K15="",L15=""),"",K15&"|"&L15) | O15: =IF(COUNTA(K15:M15)=0,"",IF(OR(K15="",L15="",NOT(ISNUMBER(M15)),M15<=0),"單位或乘數無效",IF(COUNTIFS(DB_06[換算鍵],N15)>1,"換算鍵重複","OK")))
A16: 地下水 | B16: 硝酸鹽氮 | D16: 一般項目 | F16: mg/L | G16: 是 | H16: =IF(OR(A16="",B16=""),"",A16&"|"&B16) | I16: =IF(COUNTA(A16:G16)=0,"",IF(OR(A16="",B16="",F16="",G16=""),"缺必要欄位",IF(COUNTIFS(DB_04[測項鍵],H16)>1,"測項鍵重複","OK"))) | K16: uS/cm | L16: μS/cm | M16: 1 | N16: =IF(OR(K16="",L16=""),"",K16&"|"&L16) | O16: =IF(COUNTA(K16:M16)=0,"",IF(OR(K16="",L16="",NOT(ISNUMBER(M16)),M16<=0),"單位或乘數無效",IF(COUNTIFS(DB_06[換算鍵],N16)>1,"換算鍵重複","OK")))
A17: 地下水 | B17: 亞硝酸鹽氮 | D17: 一般項目 | F17: mg/L | G17: 是 | H17: =IF(OR(A17="",B17=""),"",A17&"|"&B17) | I17: =IF(COUNTA(A17:G17)=0,"",IF(OR(A17="",B17="",F17="",G17=""),"缺必要欄位",IF(COUNTIFS(DB_04[測項鍵],H17)>1,"測項鍵重複","OK"))) | K17: ℃ | L17: ℃ | M17: 1 | N17: =IF(OR(K17="",L17=""),"",K17&"|"&L17) | O17: =IF(COUNTA(K17:M17)=0,"",IF(OR(K17="",L17="",NOT(ISNUMBER(M17)),M17<=0),"單位或乘數無效",IF(COUNTIFS(DB_06[換算鍵],N17)>1,"換算鍵重複","OK")))
A18: 地下水 | B18: 氨氮 | D18: 背景與指標水質 | F18: mg/L | G18: 是 | H18: =IF(OR(A18="",B18=""),"",A18&"|"&B18) | I18: =IF(COUNTA(A18:G18)=0,"",IF(OR(A18="",B18="",F18="",G18=""),"缺必要欄位",IF(COUNTIFS(DB_04[測項鍵],H18)>1,"測項鍵重複","OK"))) | K18: °C | L18: ℃ | M18: 1 | N18: =IF(OR(K18="",L18=""),"",K18&"|"&L18) | O18: =IF(COUNTA(K18:M18)=0,"",IF(OR(K18="",L18="",NOT(ISNUMBER(M18)),M18<=0),"單位或乘數無效",IF(COUNTIFS(DB_06[換算鍵],N18)>1,"換算鍵重複","OK")))
A19: 地下水 | B19: 鐵(備註1.) | C19: 鐵 | D19: 背景與指標水質 | F19: mg/L | G19: 是 | H19: =IF(OR(A19="",B19=""),"",A19&"|"&B19) | I19: =IF(COUNTA(A19:G19)=0,"",IF(OR(A19="",B19="",F19="",G19=""),"缺必要欄位",IF(COUNTIFS(DB_04[測項鍵],H19)>1,"測項鍵重複","OK"))) | K19: NTU | L19: NTU | M19: 1 | N19: =IF(OR(K19="",L19=""),"",K19&"|"&L19) | O19: =IF(COUNTA(K19:M19)=0,"",IF(OR(K19="",L19="",NOT(ISNUMBER(M19)),M19<=0),"單位或乘數無效",IF(COUNTIFS(DB_06[換算鍵],N19)>1,"換算鍵重複","OK")))
A20: 地下水 | B20: 硫酸鹽 | D20: 背景與指標水質 | F20: mg/L | G20: 是 | H20: =IF(OR(A20="",B20=""),"",A20&"|"&B20) | I20: =IF(COUNTA(A20:G20)=0,"",IF(OR(A20="",B20="",F20="",G20=""),"缺必要欄位",IF(COUNTIFS(DB_04[測項鍵],H20)>1,"測項鍵重複","OK"))) | K20: 無因次 | L20: 無因次 | M20: 1 | N20: =IF(OR(K20="",L20=""),"",K20&"|"&L20) | O20: =IF(COUNTA(K20:M20)=0,"",IF(OR(K20="",L20="",NOT(ISNUMBER(M20)),M20<=0),"單位或乘數無效",IF(COUNTIFS(DB_06[換算鍵],N20)>1,"換算鍵重複","OK")))
A21: 地下水 | B21: 硫化物 | D21: 現場／檢測項目 | F21: mg/L | G21: 是 | H21: =IF(OR(A21="",B21=""),"",A21&"|"&B21) | I21: =IF(COUNTA(A21:G21)=0,"",IF(OR(A21="",B21="",F21="",G21=""),"缺必要欄位",IF(COUNTIFS(DB_04[測項鍵],H21)>1,"測項鍵重複","OK"))) | K21: μmho/cm | L21: μmho/cm | M21: 1 | N21: =IF(OR(K21="",L21=""),"",K21&"|"&L21) | O21: =IF(COUNTA(K21:M21)=0,"",IF(OR(K21="",L21="",NOT(ISNUMBER(M21)),M21<=0),"單位或乘數無效",IF(COUNTIFS(DB_06[換算鍵],N21)>1,"換算鍵重複","OK")))
A22: 地下水 | B22: 水溫 | D22: 現場／檢測項目 | F22: ℃ | G22: 是 | H22: =IF(OR(A22="",B22=""),"",A22&"|"&B22) | I22: =IF(COUNTA(A22:G22)=0,"",IF(OR(A22="",B22="",F22="",G22=""),"缺必要欄位",IF(COUNTIFS(DB_04[測項鍵],H22)>1,"測項鍵重複","OK"))) | K22: μS/cm | L22: μmho/cm | M22: 1 | N22: =IF(OR(K22="",L22=""),"",K22&"|"&L22) | O22: =IF(COUNTA(K22:M22)=0,"",IF(OR(K22="",L22="",NOT(ISNUMBER(M22)),M22<=0),"單位或乘數無效",IF(COUNTIFS(DB_06[換算鍵],N22)>1,"換算鍵重複","OK")))
A23: 地下水 | B23: 濁度 | D23: 現場／檢測項目 | F23: NTU | G23: 是 | H23: =IF(OR(A23="",B23=""),"",A23&"|"&B23) | I23: =IF(COUNTA(A23:G23)=0,"",IF(OR(A23="",B23="",F23="",G23=""),"缺必要欄位",IF(COUNTIFS(DB_04[測項鍵],H23)>1,"測項鍵重複","OK"))) | K23: μmho/cm | L23: μS/cm | M23: 1 | N23: =IF(OR(K23="",L23=""),"",K23&"|"&L23) | O23: =IF(COUNTA(K23:M23)=0,"",IF(OR(K23="",L23="",NOT(ISNUMBER(M23)),M23<=0),"單位或乘數無效",IF(COUNTIFS(DB_06[換算鍵],N23)>1,"換算鍵重複","OK")))
A24: 地下水 | B24: 1,1,1-三氯乙烷 | D24: 氯化碳氫化合物 | F24: mg/L | G24: 是 | H24: =IF(OR(A24="",B24=""),"",A24&"|"&B24) | I24: =IF(COUNTA(A24:G24)=0,"",IF(OR(A24="",B24="",F24="",G24=""),"缺必要欄位",IF(COUNTIFS(DB_04[測項鍵],H24)>1,"測項鍵重複","OK"))) | K24: mv | L24: mV | M24: 1 | N24: =IF(OR(K24="",L24=""),"",K24&"|"&L24) | O24: =IF(COUNTA(K24:M24)=0,"",IF(OR(K24="",L24="",NOT(ISNUMBER(M24)),M24<=0),"單位或乘數無效",IF(COUNTIFS(DB_06[換算鍵],N24)>1,"換算鍵重複","OK")))
A25: 地下水 | B25: 1,1,2-三氯乙烷 | D25: 氯化碳氫化合物 | F25: mg/L | G25: 是 | H25: =IF(OR(A25="",B25=""),"",A25&"|"&B25) | I25: =IF(COUNTA(A25:G25)=0,"",IF(OR(A25="",B25="",F25="",G25=""),"缺必要欄位",IF(COUNTIFS(DB_04[測項鍵],H25)>1,"測項鍵重複","OK"))) | K25: mV | L25: mv | M25: 1 | N25: =IF(OR(K25="",L25=""),"",K25&"|"&L25) | O25: =IF(COUNTA(K25:M25)=0,"",IF(OR(K25="",L25="",NOT(ISNUMBER(M25)),M25<=0),"單位或乘數無效",IF(COUNTIFS(DB_06[換算鍵],N25)>1,"換算鍵重複","OK")))
A26: 地下水 | B26: 1,2-二氯苯 | D26: 氯化碳氫化合物 | F26: mg/L | G26: 是 | H26: =IF(OR(A26="",B26=""),"",A26&"|"&B26) | I26: =IF(COUNTA(A26:G26)=0,"",IF(OR(A26="",B26="",F26="",G26=""),"缺必要欄位",IF(COUNTIFS(DB_04[測項鍵],H26)>1,"測項鍵重複","OK"))) | K26: µS/cm | L26: μmho/cm | M26: 1 | N26: =IF(OR(K26="",L26=""),"",K26&"|"&L26) | O26: =IF(COUNTA(K26:M26)=0,"",IF(OR(K26="",L26="",NOT(ISNUMBER(M26)),M26<=0),"單位或乘數無效",IF(COUNTIFS(DB_06[換算鍵],N26)>1,"換算鍵重複","OK")))
A27: 地下水 | B27: 1,2-二氯乙烷 | D27: 氯化碳氫化合物 | F27: mg/L | G27: 是 | H27: =IF(OR(A27="",B27=""),"",A27&"|"&B27) | I27: =IF(COUNTA(A27:G27)=0,"",IF(OR(A27="",B27="",F27="",G27=""),"缺必要欄位",IF(COUNTIFS(DB_04[測項鍵],H27)>1,"測項鍵重複","OK"))) | K27: ppmV | L27: ppmV | M27: 1 | N27: =IF(OR(K27="",L27=""),"",K27&"|"&L27) | O27: =IF(COUNTA(K27:M27)=0,"",IF(OR(K27="",L27="",NOT(ISNUMBER(M27)),M27<=0),"單位或乘數無效",IF(COUNTIFS(DB_06[換算鍵],N27)>1,"換算鍵重複","OK")))
A28: 地下水 | B28: 1,4-二氯苯 | D28: 氯化碳氫化合物 | F28: mg/L | G28: 是 | H28: =IF(OR(A28="",B28=""),"",A28&"|"&B28) | I28: =IF(COUNTA(A28:G28)=0,"",IF(OR(A28="",B28="",F28="",G28=""),"缺必要欄位",IF(COUNTIFS(DB_04[測項鍵],H28)>1,"測項鍵重複","OK"))) | K28: gene copies/L | L28: gene copies/L | M28: 1 | N28: =IF(OR(K28="",L28=""),"",K28&"|"&L28) | O28: =IF(COUNTA(K28:M28)=0,"",IF(OR(K28="",L28="",NOT(ISNUMBER(M28)),M28<=0),"單位或乘數無效",IF(COUNTIFS(DB_06[換算鍵],N28)>1,"換算鍵重複","OK")))
A29: 地下水 | B29: 苯 | D29: 單環芳香族碳氫化合物 | F29: mg/L | G29: 是 | H29: =IF(OR(A29="",B29=""),"",A29&"|"&B29) | I29: =IF(COUNTA(A29:G29)=0,"",IF(OR(A29="",B29="",F29="",G29=""),"缺必要欄位",IF(COUNTIFS(DB_04[測項鍵],H29)>1,"測項鍵重複","OK"))) | K29: ng-TEQ/kg | L29: ng-TEQ/kg | M29: 1 | N29: =IF(OR(K29="",L29=""),"",K29&"|"&L29) | O29: =IF(COUNTA(K29:M29)=0,"",IF(OR(K29="",L29="",NOT(ISNUMBER(M29)),M29<=0),"單位或乘數無效",IF(COUNTIFS(DB_06[換算鍵],N29)>1,"換算鍵重複","OK")))
A30: 地下水 | B30: 四氯化碳 | D30: 氯化碳氫化合物 | F30: mg/L | G30: 是 | H30: =IF(OR(A30="",B30=""),"",A30&"|"&B30) | I30: =IF(COUNTA(A30:G30)=0,"",IF(OR(A30="",B30="",F30="",G30=""),"缺必要欄位",IF(COUNTIFS(DB_04[測項鍵],H30)>1,"測項鍵重複","OK"))) | K30: % | L30: mg/kg | M30: 10000 | N30: =IF(OR(K30="",L30=""),"",K30&"|"&L30) | O30: =IF(COUNTA(K30:M30)=0,"",IF(OR(K30="",L30="",NOT(ISNUMBER(M30)),M30<=0),"單位或乘數無效",IF(COUNTIFS(DB_06[換算鍵],N30)>1,"換算鍵重複","OK")))
A31: 地下水 | B31: 氯苯 | D31: 氯化碳氫化合物 | F31: mg/L | G31: 是 | H31: =IF(OR(A31="",B31=""),"",A31&"|"&B31) | I31: =IF(COUNTA(A31:G31)=0,"",IF(OR(A31="",B31="",F31="",G31=""),"缺必要欄位",IF(COUNTIFS(DB_04[測項鍵],H31)>1,"測項鍵重複","OK"))) | K31: mS/cm | L31: μmho/cm | M31: 1000 | N31: =IF(OR(K31="",L31=""),"",K31&"|"&L31) | O31: =IF(COUNTA(K31:M31)=0,"",IF(OR(K31="",L31="",NOT(ISNUMBER(M31)),M31<=0),"單位或乘數無效",IF(COUNTIFS(DB_06[換算鍵],N31)>1,"換算鍵重複","OK")))
A32: 地下水 | B32: 三氯甲烷(氯仿) | C32: 氯仿 | D32: 氯化碳氫化合物 | F32: mg/L | G32: 是 | H32: =IF(OR(A32="",B32=""),"",A32&"|"&B32) | I32: =IF(COUNTA(A32:G32)=0,"",IF(OR(A32="",B32="",F32="",G32=""),"缺必要欄位",IF(COUNTIFS(DB_04[測項鍵],H32)>1,"測項鍵重複","OK")))
A33: 地下水 | B33: 氯甲烷 | D33: 氯化碳氫化合物 | F33: mg/L | G33: 是 | H33: =IF(OR(A33="",B33=""),"",A33&"|"&B33) | I33: =IF(COUNTA(A33:G33)=0,"",IF(OR(A33="",B33="",F33="",G33=""),"缺必要欄位",IF(COUNTIFS(DB_04[測項鍵],H33)>1,"測項鍵重複","OK")))
A34: 地下水 | B34: 乙苯 | D34: 單環芳香族碳氫化合物 | F34: mg/L | G34: 是 | H34: =IF(OR(A34="",B34=""),"",A34&"|"&B34) | I34: =IF(COUNTA(A34:G34)=0,"",IF(OR(A34="",B34="",F34="",G34=""),"缺必要欄位",IF(COUNTIFS(DB_04[測項鍵],H34)>1,"測項鍵重複","OK")))
A35: 地下水 | B35: 甲基第三丁基醚 | D35: 其他污染物 | F35: mg/L | G35: 是 | H35: =IF(OR(A35="",B35=""),"",A35&"|"&B35) | I35: =IF(COUNTA(A35:G35)=0,"",IF(OR(A35="",B35="",F35="",G35=""),"缺必要欄位",IF(COUNTIFS(DB_04[測項鍵],H35)>1,"測項鍵重複","OK")))
A36: 地下水 | B36: 二氯甲烷 | D36: 氯化碳氫化合物 | F36: mg/L | G36: 是 | H36: =IF(OR(A36="",B36=""),"",A36&"|"&B36) | I36: =IF(COUNTA(A36:G36)=0,"",IF(OR(A36="",B36="",F36="",G36=""),"缺必要欄位",IF(COUNTIFS(DB_04[測項鍵],H36)>1,"測項鍵重複","OK")))
A37: 地下水 | B37: 萘 | D37: 多環芳香族碳氫化合物 | F37: mg/L | G37: 是 | H37: =IF(OR(A37="",B37=""),"",A37&"|"&B37) | I37: =IF(COUNTA(A37:G37)=0,"",IF(OR(A37="",B37="",F37="",G37=""),"缺必要欄位",IF(COUNTIFS(DB_04[測項鍵],H37)>1,"測項鍵重複","OK")))
A38: 地下水 | B38: 四氯乙烯 | D38: 氯化碳氫化合物 | F38: mg/L | G38: 是 | H38: =IF(OR(A38="",B38=""),"",A38&"|"&B38) | I38: =IF(COUNTA(A38:G38)=0,"",IF(OR(A38="",B38="",F38="",G38=""),"缺必要欄位",IF(COUNTIFS(DB_04[測項鍵],H38)>1,"測項鍵重複","OK")))
A39: 地下水 | B39: 甲苯 | D39: 單環芳香族碳氫化合物 | F39: mg/L | G39: 是 | H39: =IF(OR(A39="",B39=""),"",A39&"|"&B39) | I39: =IF(COUNTA(A39:G39)=0,"",IF(OR(A39="",B39="",F39="",G39=""),"缺必要欄位",IF(COUNTIFS(DB_04[測項鍵],H39)>1,"測項鍵重複","OK")))
A40: 地下水 | B40: 二甲苯(備註1.) | C40: 二甲苯 | D40: 單環芳香族碳氫化合物 | F40: mg/L | G40: 是 | H40: =IF(OR(A40="",B40=""),"",A40&"|"&B40) | I40: =IF(COUNTA(A40:G40)=0,"",IF(OR(A40="",B40="",F40="",G40=""),"缺必要欄位",IF(COUNTIFS(DB_04[測項鍵],H40)>1,"測項鍵重複","OK")))
A41: 地下水 | B41: 氯鹽 | D41: 背景與指標水質 | F41: mg/L | G41: 是 | H41: =IF(OR(A41="",B41=""),"",A41&"|"&B41) | I41: =IF(COUNTA(A41:G41)=0,"",IF(OR(A41="",B41="",F41="",G41=""),"缺必要欄位",IF(COUNTIFS(DB_04[測項鍵],H41)>1,"測項鍵重複","OK")))
A42: 地下水 | B42: 亞鐵 | D42: 現場／檢測項目 | F42: mg/L | G42: 是 | H42: =IF(OR(A42="",B42=""),"",A42&"|"&B42) | I42: =IF(COUNTA(A42:G42)=0,"",IF(OR(A42="",B42="",F42="",G42=""),"缺必要欄位",IF(COUNTIFS(DB_04[測項鍵],H42)>1,"測項鍵重複","OK")))
A43: 地下水 | B43: DHC | D43: 現場／檢測項目 | F43: gene copies/L | G43: 是 | H43: =IF(OR(A43="",B43=""),"",A43&"|"&B43) | I43: =IF(COUNTA(A43:G43)=0,"",IF(OR(A43="",B43="",F43="",G43=""),"缺必要欄位",IF(COUNTIFS(DB_04[測項鍵],H43)>1,"測項鍵重複","OK")))
A44: 地下水 | B44: DCA1 | D44: 現場／檢測項目 | F44: gene copies/L | G44: 是 | H44: =IF(OR(A44="",B44=""),"",A44&"|"&B44) | I44: =IF(COUNTA(A44:G44)=0,"",IF(OR(A44="",B44="",F44="",G44=""),"缺必要欄位",IF(COUNTIFS(DB_04[測項鍵],H44)>1,"測項鍵重複","OK")))
A45: 地下水 | B45: 總菌落數 | D45: 現場／檢測項目 | F45: CFU/ml | G45: 是 | H45: =IF(OR(A45="",B45=""),"",A45&"|"&B45) | I45: =IF(COUNTA(A45:G45)=0,"",IF(OR(A45="",B45="",F45="",G45=""),"缺必要欄位",IF(COUNTIFS(DB_04[測項鍵],H45)>1,"測項鍵重複","OK")))
A46: 地下水 | B46: 鉛 | D46: 重金屬 | F46: mg/L | G46: 是 | H46: =IF(OR(A46="",B46=""),"",A46&"|"&B46) | I46: =IF(COUNTA(A46:G46)=0,"",IF(OR(A46="",B46="",F46="",G46=""),"缺必要欄位",IF(COUNTIFS(DB_04[測項鍵],H46)>1,"測項鍵重複","OK")))
A47: 地下水 | B47: 鎘 | D47: 重金屬 | F47: mg/L | G47: 是 | H47: =IF(OR(A47="",B47=""),"",A47&"|"&B47) | I47: =IF(COUNTA(A47:G47)=0,"",IF(OR(A47="",B47="",F47="",G47=""),"缺必要欄位",IF(COUNTIFS(DB_04[測項鍵],H47)>1,"測項鍵重複","OK")))
A48: 地下水 | B48: 鉻 | D48: 重金屬 | F48: mg/L | G48: 是 | H48: =IF(OR(A48="",B48=""),"",A48&"|"&B48) | I48: =IF(COUNTA(A48:G48)=0,"",IF(OR(A48="",B48="",F48="",G48=""),"缺必要欄位",IF(COUNTIFS(DB_04[測項鍵],H48)>1,"測項鍵重複","OK")))
A49: 地下水 | B49: 銅 | D49: 重金屬 | F49: mg/L | G49: 是 | H49: =IF(OR(A49="",B49=""),"",A49&"|"&B49) | I49: =IF(COUNTA(A49:G49)=0,"",IF(OR(A49="",B49="",F49="",G49=""),"缺必要欄位",IF(COUNTIFS(DB_04[測項鍵],H49)>1,"測項鍵重複","OK")))
A50: 地下水 | B50: 鋅 | D50: 重金屬 | F50: mg/L | G50: 是 | H50: =IF(OR(A50="",B50=""),"",A50&"|"&B50) | I50: =IF(COUNTA(A50:G50)=0,"",IF(OR(A50="",B50="",F50="",G50=""),"缺必要欄位",IF(COUNTIFS(DB_04[測項鍵],H50)>1,"測項鍵重複","OK")))
A51: 地下水 | B51: 鎳 | D51: 重金屬 | F51: mg/L | G51: 是 | H51: =IF(OR(A51="",B51=""),"",A51&"|"&B51) | I51: =IF(COUNTA(A51:G51)=0,"",IF(OR(A51="",B51="",F51="",G51=""),"缺必要欄位",IF(COUNTIFS(DB_04[測項鍵],H51)>1,"測項鍵重複","OK")))
A52: 地下水 | B52: 砷 | D52: 重金屬 | F52: mg/L | G52: 是 | H52: =IF(OR(A52="",B52=""),"",A52&"|"&B52) | I52: =IF(COUNTA(A52:G52)=0,"",IF(OR(A52="",B52="",F52="",G52=""),"缺必要欄位",IF(COUNTIFS(DB_04[測項鍵],H52)>1,"測項鍵重複","OK")))
... A78: 系統水 | B78: 氯苯 | D78: 現場／檢測項目 | F78: mg/L | G78: 是 | H78: =IF(OR(A78="",B78=""),"",A78&"|"&B78) | I78: =IF(COUNTA(A78:G78)=0,"",IF(OR(A78="",B78="",F78="",G78=""),"缺必要欄位",IF(COUNTIFS(DB_04[測項鍵],H78)>1,"測項鍵重複","OK")))
A79: 系統水 | B79: 三氯甲烷(氯仿) | C79: 氯仿 | D79: 現場／檢測項目 | F79: mg/L | G79: 是 | H79: =IF(OR(A79="",B79=""),"",A79&"|"&B79) | I79: =IF(COUNTA(A79:G79)=0,"",IF(OR(A79="",B79="",F79="",G79=""),"缺必要欄位",IF(COUNTIFS(DB_04[測項鍵],H79)>1,"測項鍵重複","OK")))
A80: 系統水 | B80: 氯甲烷 | D80: 現場／檢測項目 | F80: mg/L | G80: 是 | H80: =IF(OR(A80="",B80=""),"",A80&"|"&B80) | I80: =IF(COUNTA(A80:G80)=0,"",IF(OR(A80="",B80="",F80="",G80=""),"缺必要欄位",IF(COUNTIFS(DB_04[測項鍵],H80)>1,"測項鍵重複","OK")))
A81: 系統水 | B81: 乙苯 | D81: 現場／檢測項目 | F81: mg/L | G81: 是 | H81: =IF(OR(A81="",B81=""),"",A81&"|"&B81) | I81: =IF(COUNTA(A81:G81)=0,"",IF(OR(A81="",B81="",F81="",G81=""),"缺必要欄位",IF(COUNTIFS(DB_04[測項鍵],H81)>1,"測項鍵重複","OK")))
A82: 系統水 | B82: 甲基第三丁基醚 | D82: 現場／檢測項目 | F82: mg/L | G82: 是 | H82: =IF(OR(A82="",B82=""),"",A82&"|"&B82) | I82: =IF(COUNTA(A82:G82)=0,"",IF(OR(A82="",B82="",F82="",G82=""),"缺必要欄位",IF(COUNTIFS(DB_04[測項鍵],H82)>1,"測項鍵重複","OK")))
A83: 系統水 | B83: 二氯甲烷 | D83: 現場／檢測項目 | F83: mg/L | G83: 是 | H83: =IF(OR(A83="",B83=""),"",A83&"|"&B83) | I83: =IF(COUNTA(A83:G83)=0,"",IF(OR(A83="",B83="",F83="",G83=""),"缺必要欄位",IF(COUNTIFS(DB_04[測項鍵],H83)>1,"測項鍵重複","OK")))
A84: 系統水 | B84: 萘 | D84: 現場／檢測項目 | F84: mg/L | G84: 是 | H84: =IF(OR(A84="",B84=""),"",A84&"|"&B84) | I84: =IF(COUNTA(A84:G84)=0,"",IF(OR(A84="",B84="",F84="",G84=""),"缺必要欄位",IF(COUNTIFS(DB_04[測項鍵],H84)>1,"測項鍵重複","OK")))
A85: 系統水 | B85: 四氯乙烯 | D85: 現場／檢測項目 | F85: mg/L | G85: 是 | H85: =IF(OR(A85="",B85=""),"",A85&"|"&B85) | I85: =IF(COUNTA(A85:G85)=0,"",IF(OR(A85="",B85="",F85="",G85=""),"缺必要欄位",IF(COUNTIFS(DB_04[測項鍵],H85)>1,"測項鍵重複","OK")))
A86: 系統水 | B86: 甲苯 | D86: 現場／檢測項目 | F86: mg/L | G86: 是 | H86: =IF(OR(A86="",B86=""),"",A86&"|"&B86) | I86: =IF(COUNTA(A86:G86)=0,"",IF(OR(A86="",B86="",F86="",G86=""),"缺必要欄位",IF(COUNTIFS(DB_04[測項鍵],H86)>1,"測項鍵重複","OK")))
A87: 系統水 | B87: 二甲苯(備註1.) | C87: 二甲苯 | D87: 現場／檢測項目 | F87: mg/L | G87: 是 | H87: =IF(OR(A87="",B87=""),"",A87&"|"&B87) | I87: =IF(COUNTA(A87:G87)=0,"",IF(OR(A87="",B87="",F87="",G87=""),"缺必要欄位",IF(COUNTIFS(DB_04[測項鍵],H87)>1,"測項鍵重複","OK")))
A88: 系統水 | B88: 總有機碳 | D88: 現場／檢測項目 | F88: mg/L | G88: 是 | H88: =IF(OR(A88="",B88=""),"",A88&"|"&B88) | I88: =IF(COUNTA(A88:G88)=0,"",IF(OR(A88="",B88="",F88="",G88=""),"缺必要欄位",IF(COUNTIFS(DB_04[測項鍵],H88)>1,"測項鍵重複","OK")))
A89: 系統水 | B89: 氯鹽 | D89: 現場／檢測項目 | F89: mg/L | G89: 是 | H89: =IF(OR(A89="",B89=""),"",A89&"|"&B89) | I89: =IF(COUNTA(A89:G89)=0,"",IF(OR(A89="",B89="",F89="",G89=""),"缺必要欄位",IF(COUNTIFS(DB_04[測項鍵],H89)>1,"測項鍵重複","OK")))
A90: 地下水 | B90: 土氣測量 | D90: 現場／檢測項目 | F90: ppmV | G90: 是 | H90: =IF(OR(A90="",B90=""),"",A90&"|"&B90) | I90: =IF(COUNTA(A90:G90)=0,"",IF(OR(A90="",B90="",F90="",G90=""),"缺必要欄位",IF(COUNTIFS(DB_04[測項鍵],H90)>1,"測項鍵重複","OK")))
A91: 地下水 | B91: 井深 | D91: 現場／檢測項目 | F91: m | G91: 是 | H91: =IF(OR(A91="",B91=""),"",A91&"|"&B91) | I91: =IF(COUNTA(A91:G91)=0,"",IF(OR(A91="",B91="",F91="",G91=""),"缺必要欄位",IF(COUNTIFS(DB_04[測項鍵],H91)>1,"測項鍵重複","OK")))
A92: 地下水 | B92: 二甲苯 | D92: 單環芳香族碳氫化合物 | F92: mg/L | G92: 是 | H92: =IF(OR(A92="",B92=""),"",A92&"|"&B92) | I92: =IF(COUNTA(A92:G92)=0,"",IF(OR(A92="",B92="",F92="",G92=""),"缺必要欄位",IF(COUNTIFS(DB_04[測項鍵],H92)>1,"測項鍵重複","OK")))
A93: 地下水 | B93: 氯仿 | D93: 氯化碳氫化合物 | F93: mg/L | G93: 是 | H93: =IF(OR(A93="",B93=""),"",A93&"|"&B93) | I93: =IF(COUNTA(A93:G93)=0,"",IF(OR(A93="",B93="",F93="",G93=""),"缺必要欄位",IF(COUNTIFS(DB_04[測項鍵],H93)>1,"測項鍵重複","OK")))
A94: 地下水 | B94: 2,4,5-三氯酚 | D94: 氯化碳氫化合物 | F94: mg/L | G94: 是 | H94: =IF(OR(A94="",B94=""),"",A94&"|"&B94) | I94: =IF(COUNTA(A94:G94)=0,"",IF(OR(A94="",B94="",F94="",G94=""),"缺必要欄位",IF(COUNTIFS(DB_04[測項鍵],H94)>1,"測項鍵重複","OK")))
A95: 地下水 | B95: 2,4,6-三氯酚 | D95: 氯化碳氫化合物 | F95: mg/L | G95: 是 | H95: =IF(OR(A95="",B95=""),"",A95&"|"&B95) | I95: =IF(COUNTA(A95:G95)=0,"",IF(OR(A95="",B95="",F95="",G95=""),"缺必要欄位",IF(COUNTIFS(DB_04[測項鍵],H95)>1,"測項鍵重複","OK")))
A96: 地下水 | B96: 五氯酚 | D96: 氯化碳氫化合物 | F96: mg/L | G96: 是 | H96: =IF(OR(A96="",B96=""),"",A96&"|"&B96) | I96: =IF(COUNTA(A96:G96)=0,"",IF(OR(A96="",B96="",F96="",G96=""),"缺必要欄位",IF(COUNTIFS(DB_04[測項鍵],H96)>1,"測項鍵重複","OK")))
A97: 地下水 | B97: 3,3’-二氯聯苯胺 | D97: 氯化碳氫化合物 | F97: mg/L | G97: 是 | H97: =IF(OR(A97="",B97=""),"",A97&"|"&B97) | I97: =IF(COUNTA(A97:G97)=0,"",IF(OR(A97="",B97="",F97="",G97=""),"缺必要欄位",IF(COUNTIFS(DB_04[測項鍵],H97)>1,"測項鍵重複","OK")))
A98: 地下水 | B98: 2,4-地 | D98: 農藥 | F98: mg/L | G98: 是 | H98: =IF(OR(A98="",B98=""),"",A98&"|"&B98) | I98: =IF(COUNTA(A98:G98)=0,"",IF(OR(A98="",B98="",F98="",G98=""),"缺必要欄位",IF(COUNTIFS(DB_04[測項鍵],H98)>1,"測項鍵重複","OK")))
A99: 地下水 | B99: 加保扶 | D99: 農藥 | F99: mg/L | G99: 是 | H99: =IF(OR(A99="",B99=""),"",A99&"|"&B99) | I99: =IF(COUNTA(A99:G99)=0,"",IF(OR(A99="",B99="",F99="",G99=""),"缺必要欄位",IF(COUNTIFS(DB_04[測項鍵],H99)>1,"測項鍵重複","OK")))
... A151: 土壤 | B151: 多氯聯苯 | D151: 其他有機化合物 | F151: mg/kg | G151: 是 | H151: =IF(OR(A151="",B151=""),"",A151&"|"&B151) | I151: =IF(COUNTA(A151:G151)=0,"",IF(OR(A151="",B151="",F151="",G151=""),"缺必要欄位",IF(COUNTIFS(DB_04[測項鍵],H151)>1,"測項鍵重複","OK")))
A152: 土壤 | B152: 總有機碳 | C152: TOC | D152: 合成範例新增測項 | E152: lab | F152: mg/kg | G152: 是 | H152: =IF(OR(A152="",B152=""),"",A152&"|"&B152) | I152: =IF(COUNTA(A152:G152)=0,"",IF(OR(A152="",B152="",F152="",G152=""),"缺必要欄位",IF(COUNTIFS(DB_04[測項鍵],H152)>1,"測項鍵重複","OK")))
A153: 地下水 | B153: 溶氧飽和度 | C153: DO | D153: 合成範例新增測項 | E153: field | F153: % | G153: 是 | H153: =IF(OR(A153="",B153=""),"",A153&"|"&B153) | I153: =IF(COUNTA(A153:G153)=0,"",IF(OR(A153="",B153="",F153="",G153=""),"缺必要欄位",IF(COUNTIFS(DB_04[測項鍵],H153)>1,"測項鍵重複","OK")))
A203: 下拉清單與自動選項
A204: 樣品與點位選單直接引用 01、03 的資料表；新增表格列後選項同步增加。
A205: 單位、採樣方法、啟用與核對狀態仍在本區維護；測項、介質與版本沿用上方主檔。
A206: 樣品選單來源：01_樣品登錄 | C206: 點位選單來源：03_點位主檔 | E206: 單位 | G206: 採樣方法 | I206: 啟用 | K206: 核對狀態 | M206: 維護位置
E207: mg/L | G207: 微洗井 | I207: 是 | K207: 範例 | M207: 樣品：在01建立，A欄同步供02隱藏關聯鍵
E208: m | G208: 貝勒管 | I208: 否 | K208: 已核對 | M208: 點位：在03建立，C欄自動同步
E209: μg/L | G209: 低流量洗井 | K209: 停用 | M209: 測項：B2:B201；介質：T7起
E210: 無因次 | G210: 其他 | K210: 待核對 | M210: 單位／採樣方法／狀態：206列各表
E211: µg/L | G211: 不適用 | M211: 版本：Q2:Q101
E212: μS/cm | G212: 過水錶後系統閒置球閥採樣
E213: ug/L | G213: 繞流端取樣
E214: mV | G214: 進流水閥門取樣
E215: mg/kg | G215: 出流水閥門取樣
E216: μg/kg
E217: µg/kg
E218: ug/kg
E219: ℃
E220: NTU
E221: µS/cm
E222: uS/cm
E223: °C
E224: μmho/cm
E225: mv
...

Sheet 05_標準版本
A1: 版本代碼 | B1: 介質 | C1: 分析項目 | D1: 標準單位 | E1: 管制設定值 | F1: 監測設定值 | G1: 生效日 | H1: 失效日 | I1: 來源/文件版本 | J1: 核對狀態 | K1: 覆核人 | L1: 覆核日期 | M1: 標準鍵 | N1: 版本檢查
A2: TW-GW1-20251223 | B2: 地下水 | C2: 苯 | D2: mg/L | E2: 0.005 | F2: 0.0025 | G2: 41640 | I2: 地下水管制§4(2025-12-23)／監測§4(2013-12-18)；地下水第1類；管制第4條、監測第4條。2025修法刪除砷備註，數值門檻未變，2014-01-01起相同。 | J2: 已核對 | K2: 官方條文核對（自動） | L2: 46297 | M2: =IF(OR(A2="",B2="",C2=""),"",A2&"|"&B2&"|"&C2) | N2: =IF(COUNTA(A2:L2)=0,"",IF(OR(A2="",B2="",C2="",D2="",I2="",J2=""),"缺必要欄位",IF(COUNTIFS(DB_05[標準鍵],M2)>1,"標準鍵重複",IF(AND(G2<>"",H2<>"",G2>H2),"日期起迄錯誤",IF(OR(AND(E2<>"",NOT(ISNUMBER(E2))),AND(F2<>"",NOT(ISNUMBER(F2)))),"標準非數值",IF(AND(J2="已核對",OR(K2="",NOT(ISNUMBER(L2)),NOT(ISNUMBER(G2)))),"缺核對資料","OK"))))))
A3: TW-GW2-20251223 | B3: 地下水 | C3: 苯 | D3: mg/L | E3: 0.05 | F3: 0.025 | G3: 41640 | I3: 地下水管制§4(2025-12-23)／監測§4(2013-12-18)；地下水第2類；管制第4條、監測第4條。2025修法刪除砷備註，數值門檻未變，2014-01-01起相同。 | J3: 已核對 | K3: 官方條文核對（自動） | L3: 46297 | M3: =IF(OR(A3="",B3="",C3=""),"",A3&"|"&B3&"|"&C3) | N3: =IF(COUNTA(A3:L3)=0,"",IF(OR(A3="",B3="",C3="",D3="",I3="",J3=""),"缺必要欄位",IF(COUNTIFS(DB_05[標準鍵],M3)>1,"標準鍵重複",IF(AND(G3<>"",H3<>"",G3>H3),"日期起迄錯誤",IF(OR(AND(E3<>"",NOT(ISNUMBER(E3))),AND(F3<>"",NOT(ISNUMBER(F3)))),"標準非數值",IF(AND(J3="已核對",OR(K3="",NOT(ISNUMBER(L3)),NOT(ISNUMBER(G3)))),"缺核對資料","OK"))))))
A4: TW-GW1-20251223 | B4: 地下水 | C4: 甲苯 | D4: mg/L | E4: 1 | F4: 0.5 | G4: 41640 | I4: 地下水管制§4(2025-12-23)／監測§4(2013-12-18)；地下水第1類；管制第4條、監測第4條。2025修法刪除砷備註，數值門檻未變，2014-01-01起相同。 | J4: 已核對 | K4: 官方條文核對（自動） | L4: 46297 | M4: =IF(OR(A4="",B4="",C4=""),"",A4&"|"&B4&"|"&C4) | N4: =IF(COUNTA(A4:L4)=0,"",IF(OR(A4="",B4="",C4="",D4="",I4="",J4=""),"缺必要欄位",IF(COUNTIFS(DB_05[標準鍵],M4)>1,"標準鍵重複",IF(AND(G4<>"",H4<>"",G4>H4),"日期起迄錯誤",IF(OR(AND(E4<>"",NOT(ISNUMBER(E4))),AND(F4<>"",NOT(ISNUMBER(F4)))),"標準非數值",IF(AND(J4="已核對",OR(K4="",NOT(ISNUMBER(L4)),NOT(ISNUMBER(G4)))),"缺核對資料","OK"))))))
A5: TW-GW2-20251223 | B5: 地下水 | C5: 甲苯 | D5: mg/L | E5: 10 | F5: 5 | G5: 41640 | I5: 地下水管制§4(2025-12-23)／監測§4(2013-12-18)；地下水第2類；管制第4條、監測第4條。2025修法刪除砷備註，數值門檻未變，2014-01-01起相同。 | J5: 已核對 | K5: 官方條文核對（自動） | L5: 46297 | M5: =IF(OR(A5="",B5="",C5=""),"",A5&"|"&B5&"|"&C5) | N5: =IF(COUNTA(A5:L5)=0,"",IF(OR(A5="",B5="",C5="",D5="",I5="",J5=""),"缺必要欄位",IF(COUNTIFS(DB_05[標準鍵],M5)>1,"標準鍵重複",IF(AND(G5<>"",H5<>"",G5>H5),"日期起迄錯誤",IF(OR(AND(E5<>"",NOT(ISNUMBER(E5))),AND(F5<>"",NOT(ISNUMBER(F5)))),"標準非數值",IF(AND(J5="已核對",OR(K5="",NOT(ISNUMBER(L5)),NOT(ISNUMBER(G5)))),"缺核對資料","OK"))))))
A6: TW-GW1-20251223 | B6: 地下水 | C6: 乙苯 | D6: mg/L | E6: 0.7 | F6: 0.35 | G6: 41640 | I6: 地下水管制§4(2025-12-23)／監測§4(2013-12-18)；地下水第1類；管制第4條、監測第4條。2025修法刪除砷備註，數值門檻未變，2014-01-01起相同。 | J6: 已核對 | K6: 官方條文核對（自動） | L6: 46297 | M6: =IF(OR(A6="",B6="",C6=""),"",A6&"|"&B6&"|"&C6) | N6: =IF(COUNTA(A6:L6)=0,"",IF(OR(A6="",B6="",C6="",D6="",I6="",J6=""),"缺必要欄位",IF(COUNTIFS(DB_05[標準鍵],M6)>1,"標準鍵重複",IF(AND(G6<>"",H6<>"",G6>H6),"日期起迄錯誤",IF(OR(AND(E6<>"",NOT(ISNUMBER(E6))),AND(F6<>"",NOT(ISNUMBER(F6)))),"標準非數值",IF(AND(J6="已核對",OR(K6="",NOT(ISNUMBER(L6)),NOT(ISNUMBER(G6)))),"缺核對資料","OK"))))))
A7: TW-GW2-20251223 | B7: 地下水 | C7: 乙苯 | D7: mg/L | E7: 7 | F7: 3.5 | G7: 41640 | I7: 地下水管制§4(2025-12-23)／監測§4(2013-12-18)；地下水第2類；管制第4條、監測第4條。2025修法刪除砷備註，數值門檻未變，2014-01-01起相同。 | J7: 已核對 | K7: 官方條文核對（自動） | L7: 46297 | M7: =IF(OR(A7="",B7="",C7=""),"",A7&"|"&B7&"|"&C7) | N7: =IF(COUNTA(A7:L7)=0,"",IF(OR(A7="",B7="",C7="",D7="",I7="",J7=""),"缺必要欄位",IF(COUNTIFS(DB_05[標準鍵],M7)>1,"標準鍵重複",IF(AND(G7<>"",H7<>"",G7>H7),"日期起迄錯誤",IF(OR(AND(E7<>"",NOT(ISNUMBER(E7))),AND(F7<>"",NOT(ISNUMBER(F7)))),"標準非數值",IF(AND(J7="已核對",OR(K7="",NOT(ISNUMBER(L7)),NOT(ISNUMBER(G7)))),"缺核對資料","OK"))))))
A8: TW-GW1-20251223 | B8: 地下水 | C8: 二甲苯 | D8: mg/L | E8: 10 | F8: 5 | G8: 41640 | I8: 地下水管制§4(2025-12-23)／監測§4(2013-12-18)；地下水第1類；管制第4條、監測第4條。2025修法刪除砷備註，數值門檻未變，2014-01-01起相同。 | J8: 已核對 | K8: 官方條文核對（自動） | L8: 46297 | M8: =IF(OR(A8="",B8="",C8=""),"",A8&"|"&B8&"|"&C8) | N8: =IF(COUNTA(A8:L8)=0,"",IF(OR(A8="",B8="",C8="",D8="",I8="",J8=""),"缺必要欄位",IF(COUNTIFS(DB_05[標準鍵],M8)>1,"標準鍵重複",IF(AND(G8<>"",H8<>"",G8>H8),"日期起迄錯誤",IF(OR(AND(E8<>"",NOT(ISNUMBER(E8))),AND(F8<>"",NOT(ISNUMBER(F8)))),"標準非數值",IF(AND(J8="已核對",OR(K8="",NOT(ISNUMBER(L8)),NOT(ISNUMBER(G8)))),"缺核對資料","OK"))))))
A9: TW-GW2-20251223 | B9: 地下水 | C9: 二甲苯 | D9: mg/L | E9: 100 | F9: 50 | G9: 41640 | I9: 地下水管制§4(2025-12-23)／監測§4(2013-12-18)；地下水第2類；管制第4條、監測第4條。2025修法刪除砷備註，數值門檻未變，2014-01-01起相同。 | J9: 已核對 | K9: 官方條文核對（自動） | L9: 46297 | M9: =IF(OR(A9="",B9="",C9=""),"",A9&"|"&B9&"|"&C9) | N9: =IF(COUNTA(A9:L9)=0,"",IF(OR(A9="",B9="",C9="",D9="",I9="",J9=""),"缺必要欄位",IF(COUNTIFS(DB_05[標準鍵],M9)>1,"標準鍵重複",IF(AND(G9<>"",H9<>"",G9>H9),"日期起迄錯誤",IF(OR(AND(E9<>"",NOT(ISNUMBER(E9))),AND(F9<>"",NOT(ISNUMBER(F9)))),"標準非數值",IF(AND(J9="已核對",OR(K9="",NOT(ISNUMBER(L9)),NOT(ISNUMBER(G9)))),"缺核對資料","OK"))))))
A10: TW-GW1-20251223 | B10: 地下水 | C10: 萘 | D10: mg/L | E10: 0.04 | F10: 0.02 | G10: 41640 | I10: 地下水管制§4(2025-12-23)／監測§4(2013-12-18)；地下水第1類；管制第4條、監測第4條。2025修法刪除砷備註，數值門檻未變，2014-01-01起相同。 | J10: 已核對 | K10: 官方條文核對（自動） | L10: 46297 | M10: =IF(OR(A10="",B10="",C10=""),"",A10&"|"&B10&"|"&C10) | N10: =IF(COUNTA(A10:L10)=0,"",IF(OR(A10="",B10="",C10="",D10="",I10="",J10=""),"缺必要欄位",IF(COUNTIFS(DB_05[標準鍵],M10)>1,"標準鍵重複",IF(AND(G10<>"",H10<>"",G10>H10),"日期起迄錯誤",IF(OR(AND(E10<>"",NOT(ISNUMBER(E10))),AND(F10<>"",NOT(ISNUMBER(F10)))),"標準非數值",IF(AND(J10="已核對",OR(K10="",NOT(ISNUMBER(L10)),NOT(ISNUMBER(G10)))),"缺核對資料","OK"))))))
A11: TW-GW2-20251223 | B11: 地下水 | C11: 萘 | D11: mg/L | E11: 0.4 | F11: 0.2 | G11: 41640 | I11: 地下水管制§4(2025-12-23)／監測§4(2013-12-18)；地下水第2類；管制第4條、監測第4條。2025修法刪除砷備註，數值門檻未變，2014-01-01起相同。 | J11: 已核對 | K11: 官方條文核對（自動） | L11: 46297 | M11: =IF(OR(A11="",B11="",C11=""),"",A11&"|"&B11&"|"&C11) | N11: =IF(COUNTA(A11:L11)=0,"",IF(OR(A11="",B11="",C11="",D11="",I11="",J11=""),"缺必要欄位",IF(COUNTIFS(DB_05[標準鍵],M11)>1,"標準鍵重複",IF(AND(G11<>"",H11<>"",G11>H11),"日期起迄錯誤",IF(OR(AND(E11<>"",NOT(ISNUMBER(E11))),AND(F11<>"",NOT(ISNUMBER(F11)))),"標準非數值",IF(AND(J11="已核對",OR(K11="",NOT(ISNUMBER(L11)),NOT(ISNUMBER(G11)))),"缺核對資料","OK"))))))
A12: TW-GW1-20251223 | B12: 地下水 | C12: 四氯化碳 | D12: mg/L | E12: 0.005 | F12: 0.0025 | G12: 41640 | I12: 地下水管制§4(2025-12-23)／監測§4(2013-12-18)；地下水第1類；管制第4條、監測第4條。2025修法刪除砷備註，數值門檻未變，2014-01-01起相同。 | J12: 停用 | K12: 官方條文核對（自動） | L12: 46297 | M12: =IF(OR(A12="",B12="",C12=""),"",A12&"|"&B12&"|"&C12) | N12: =IF(COUNTA(A12:L12)=0,"",IF(OR(A12="",B12="",C12="",D12="",I12="",J12=""),"缺必要欄位",IF(COUNTIFS(DB_05[標準鍵],M12)>1,"標準鍵重複",IF(AND(G12<>"",H12<>"",G12>H12),"日期起迄錯誤",IF(OR(AND(E12<>"",NOT(ISNUMBER(E12))),AND(F12<>"",NOT(ISNUMBER(F12)))),"標準非數值",IF(AND(J12="已核對",OR(K12="",NOT(ISNUMBER(L12)),NOT(ISNUMBER(G12)))),"缺核對資料","OK"))))))
A13: TW-GW2-20251223 | B13: 地下水 | C13: 四氯化碳 | D13: mg/L | E13: 0.05 | F13: 0.025 | G13: 41640 | I13: 地下水管制§4(2025-12-23)／監測§4(2013-12-18)；地下水第2類；管制第4條、監測第4條。2025修法刪除砷備註，數值門檻未變，2014-01-01起相同。 | J13: 已核對 | K13: 官方條文核對（自動） | L13: 46297 | M13: =IF(OR(A13="",B13="",C13=""),"",A13&"|"&B13&"|"&C13) | N13: =IF(COUNTA(A13:L13)=0,"",IF(OR(A13="",B13="",C13="",D13="",I13="",J13=""),"缺必要欄位",IF(COUNTIFS(DB_05[標準鍵],M13)>1,"標準鍵重複",IF(AND(G13<>"",H13<>"",G13>H13),"日期起迄錯誤",IF(OR(AND(E13<>"",NOT(ISNUMBER(E13))),AND(F13<>"",NOT(ISNUMBER(F13)))),"標準非數值",IF(AND(J13="已核對",OR(K13="",NOT(ISNUMBER(L13)),NOT(ISNUMBER(G13)))),"缺核對資料","OK"))))))
... A101: TW-GW2-20251223 | B101: 地下水 | C101: 氰化物 | D101: mg/L | E101: 0.5 | F101: 0.25 | G101: 41640 | I101: 地下水管制§4(2025-12-23)／監測§4(2013-12-18)；地下水第2類；管制第4條、監測第4條。2025修法刪除砷備註，數值門檻未變，2014-01-01起相同。 | J101: 已核對 | K101: 官方條文核對（自動） | L101: 46297 | M101: =IF(OR(A101="",B101="",C101=""),"",A101&"|"&B101&"|"&C101) | N101: =IF(COUNTA(A101:L101)=0,"",IF(OR(A101="",B101="",C101="",D101="",I101="",J101=""),"缺必要欄位",IF(COUNTIFS(DB_05[標準鍵],M101)>1,"標準鍵重複",IF(AND(G101<>"",H101<>"",G101>H101),"日期起迄錯誤",IF(OR(AND(E101<>"",NOT(ISNUMBER(E101))),AND(F101<>"",NOT(ISNUMBER(F101)))),"標準非數值",IF(AND(J101="已核對",OR(K101="",NOT(ISNUMBER(L101)),NOT(ISNUMBER(G101)))),"缺核對資料","OK"))))))
A102: TW-GW1-20251223 | B102: 地下水 | C102: 鐵 | D102: mg/L | F102: 0.15 | G102: 41640 | I102: 地下水管制§4(2025-12-23)／監測§4(2013-12-18)；地下水第1類；僅有監測值，未訂管制值。 | J102: 已核對 | K102: 官方條文核對（自動） | L102: 46297 | M102: =IF(OR(A102="",B102="",C102=""),"",A102&"|"&B102&"|"&C102) | N102: =IF(COUNTA(A102:L102)=0,"",IF(OR(A102="",B102="",C102="",D102="",I102="",J102=""),"缺必要欄位",IF(COUNTIFS(DB_05[標準鍵],M102)>1,"標準鍵重複",IF(AND(G102<>"",H102<>"",G102>H102),"日期起迄錯誤",IF(OR(AND(E102<>"",NOT(ISNUMBER(E102))),AND(F102<>"",NOT(ISNUMBER(F102)))),"標準非數值",IF(AND(J102="已核對",OR(K102="",NOT(ISNUMBER(L102)),NOT(ISNUMBER(G102)))),"缺核對資料","OK"))))))
A103: TW-GW2-20251223 | B103: 地下水 | C103: 鐵 | D103: mg/L | F103: 1.5 | G103: 41640 | I103: 地下水管制§4(2025-12-23)／監測§4(2013-12-18)；地下水第2類；僅有監測值，未訂管制值。 | J103: 已核對 | K103: 官方條文核對（自動） | L103: 46297 | M103: =IF(OR(A103="",B103="",C103=""),"",A103&"|"&B103&"|"&C103) | N103: =IF(COUNTA(A103:L103)=0,"",IF(OR(A103="",B103="",C103="",D103="",I103="",J103=""),"缺必要欄位",IF(COUNTIFS(DB_05[標準鍵],M103)>1,"標準鍵重複",IF(AND(G103<>"",H103<>"",G103>H103),"日期起迄錯誤",IF(OR(AND(E103<>"",NOT(ISNUMBER(E103))),AND(F103<>"",NOT(ISNUMBER(F103)))),"標準非數值",IF(AND(J103="已核對",OR(K103="",NOT(ISNUMBER(L103)),NOT(ISNUMBER(G103)))),"缺核對資料","OK"))))))
A104: TW-GW1-20251223 | B104: 地下水 | C104: 錳 | D104: mg/L | F104: 0.025 | G104: 41640 | I104: 地下水管制§4(2025-12-23)／監測§4(2013-12-18)；地下水第1類；僅有監測值，未訂管制值。 | J104: 已核對 | K104: 官方條文核對（自動） | L104: 46297 | M104: =IF(OR(A104="",B104="",C104=""),"",A104&"|"&B104&"|"&C104) | N104: =IF(COUNTA(A104:L104)=0,"",IF(OR(A104="",B104="",C104="",D104="",I104="",J104=""),"缺必要欄位",IF(COUNTIFS(DB_05[標準鍵],M104)>1,"標準鍵重複",IF(AND(G104<>"",H104<>"",G104>H104),"日期起迄錯誤",IF(OR(AND(E104<>"",NOT(ISNUMBER(E104))),AND(F104<>"",NOT(ISNUMBER(F104)))),"標準非數值",IF(AND(J104="已核對",OR(K104="",NOT(ISNUMBER(L104)),NOT(ISNUMBER(G104)))),"缺核對資料","OK"))))))
A105: TW-GW2-20251223 | B105: 地下水 | C105: 錳 | D105: mg/L | F105: 0.25 | G105: 41640 | I105: 地下水管制§4(2025-12-23)／監測§4(2013-12-18)；地下水第2類；僅有監測值，未訂管制值。 | J105: 已核對 | K105: 官方條文核對（自動） | L105: 46297 | M105: =IF(OR(A105="",B105="",C105=""),"",A105&"|"&B105&"|"&C105) | N105: =IF(COUNTA(A105:L105)=0,"",IF(OR(A105="",B105="",C105="",D105="",I105="",J105=""),"缺必要欄位",IF(COUNTIFS(DB_05[標準鍵],M105)>1,"標準鍵重複",IF(AND(G105<>"",H105<>"",G105>H105),"日期起迄錯誤",IF(OR(AND(E105<>"",NOT(ISNUMBER(E105))),AND(F105<>"",NOT(ISNUMBER(F105)))),"標準非數值",IF(AND(J105="已核對",OR(K105="",NOT(ISNUMBER(L105)),NOT(ISNUMBER(G105)))),"缺核對資料","OK"))))))
A106: TW-GW1-20251223 | B106: 地下水 | C106: 總硬度 | D106: mg/L | F106: 150 | G106: 41640 | I106: 地下水管制§4(2025-12-23)／監測§4(2013-12-18)；地下水第1類；僅有監測值，未訂管制值。 | J106: 已核對 | K106: 官方條文核對（自動） | L106: 46297 | M106: =IF(OR(A106="",B106="",C106=""),"",A106&"|"&B106&"|"&C106) | N106: =IF(COUNTA(A106:L106)=0,"",IF(OR(A106="",B106="",C106="",D106="",I106="",J106=""),"缺必要欄位",IF(COUNTIFS(DB_05[標準鍵],M106)>1,"標準鍵重複",IF(AND(G106<>"",H106<>"",G106>H106),"日期起迄錯誤",IF(OR(AND(E106<>"",NOT(ISNUMBER(E106))),AND(F106<>"",NOT(ISNUMBER(F106)))),"標準非數值",IF(AND(J106="已核對",OR(K106="",NOT(ISNUMBER(L106)),NOT(ISNUMBER(G106)))),"缺核對資料","OK"))))))
A107: TW-GW2-20251223 | B107: 地下水 | C107: 總硬度 | D107: mg/L | F107: 750 | G107: 41640 | I107: 地下水管制§4(2025-12-23)／監測§4(2013-12-18)；地下水第2類；僅有監測值，未訂管制值。 | J107: 已核對 | K107: 官方條文核對（自動） | L107: 46297 | M107: =IF(OR(A107="",B107="",C107=""),"",A107&"|"&B107&"|"&C107) | N107: =IF(COUNTA(A107:L107)=0,"",IF(OR(A107="",B107="",C107="",D107="",I107="",J107=""),"缺必要欄位",IF(COUNTIFS(DB_05[標準鍵],M107)>1,"標準鍵重複",IF(AND(G107<>"",H107<>"",G107>H107),"日期起迄錯誤",IF(OR(AND(E107<>"",NOT(ISNUMBER(E107))),AND(F107<>"",NOT(ISNUMBER(F107)))),"標準非數值",IF(AND(J107="已核對",OR(K107="",NOT(ISNUMBER(L107)),NOT(ISNUMBER(G107)))),"缺核對資料","OK"))))))
A108: TW-GW1-20251223 | B108: 地下水 | C108: 總溶解固體物 | D108: mg/L | F108: 250 | G108: 41640 | I108: 地下水管制§4(2025-12-23)／監測§4(2013-12-18)；地下水第1類；僅有監測值，未訂管制值。 | J108: 已核對 | K108: 官方條文核對（自動） | L108: 46297 | M108: =IF(OR(A108="",B108="",C108=""),"",A108&"|"&B108&"|"&C108) | N108: =IF(COUNTA(A108:L108)=0,"",IF(OR(A108="",B108="",C108="",D108="",I108="",J108=""),"缺必要欄位",IF(COUNTIFS(DB_05[標準鍵],M108)>1,"標準鍵重複",IF(AND(G108<>"",H108<>"",G108>H108),"日期起迄錯誤",IF(OR(AND(E108<>"",NOT(ISNUMBER(E108))),AND(F108<>"",NOT(ISNUMBER(F108)))),"標準非數值",IF(AND(J108="已核對",OR(K108="",NOT(ISNUMBER(L108)),NOT(ISNUMBER(G108)))),"缺核對資料","OK"))))))
A109: TW-GW2-20251223 | B109: 地下水 | C109: 總溶解固體物 | D109: mg/L | F109: 1250 | G109: 41640 | I109: 地下水管制§4(2025-12-23)／監測§4(2013-12-18)；地下水第2類；僅有監測值，未訂管制值。 | J109: 已核對 | K109: 官方條文核對（自動） | L109: 46297 | M109: =IF(OR(A109="",B109="",C109=""),"",A109&"|"&B109&"|"&C109) | N109: =IF(COUNTA(A109:L109)=0,"",IF(OR(A109="",B109="",C109="",D109="",I109="",J109=""),"缺必要欄位",IF(COUNTIFS(DB_05[標準鍵],M109)>1,"標準鍵重複",IF(AND(G109<>"",H109<>"",G109>H109),"日期起迄錯誤",IF(OR(AND(E109<>"",NOT(ISNUMBER(E109))),AND(F109<>"",NOT(ISNUMBER(F109)))),"標準非數值",IF(AND(J109="已核對",OR(K109="",NOT(ISNUMBER(L109)),NOT(ISNUMBER(G109)))),"缺核對資料","OK"))))))
A110: TW-GW1-20251223 | B110: 地下水 | C110: 氯鹽 | D110: mg/L | F110: 125 | G110: 41640 | I110: 地下水管制§4(2025-12-23)／監測§4(2013-12-18)；地下水第1類；僅有監測值，未訂管制值。 | J110: 已核對 | K110: 官方條文核對（自動） | L110: 46297 | M110: =IF(OR(A110="",B110="",C110=""),"",A110&"|"&B110&"|"&C110) | N110: =IF(COUNTA(A110:L110)=0,"",IF(OR(A110="",B110="",C110="",D110="",I110="",J110=""),"缺必要欄位",IF(COUNTIFS(DB_05[標準鍵],M110)>1,"標準鍵重複",IF(AND(G110<>"",H110<>"",G110>H110),"日期起迄錯誤",IF(OR(AND(E110<>"",NOT(ISNUMBER(E110))),AND(F110<>"",NOT(ISNUMBER(F110)))),"標準非數值",IF(AND(J110="已核對",OR(K110="",NOT(ISNUMBER(L110)),NOT(ISNUMBER(G110)))),"缺核對資料","OK"))))))
A111: TW-GW2-20251223 | B111: 地下水 | C111: 氯鹽 | D111: mg/L | F111: 625 | G111: 41640 | I111: 地下水管制§4(2025-12-23)／監測§4(2013-12-18)；地下水第2類；僅有監測值，未訂管制值。 | J111: 已核對 | K111: 官方條文核對（自動） | L111: 46297 | M111: =IF(OR(A111="",B111="",C111=""),"",A111&"|"&B111&"|"&C111) | N111: =IF(COUNTA(A111:L111)=0,"",IF(OR(A111="",B111="",C111="",D111="",I111="",J111=""),"缺必要欄位",IF(COUNTIFS(DB_05[標準鍵],M111)>1,"標準鍵重複",IF(AND(G111<>"",H111<>"",G111>H111),"日期起迄錯誤",IF(OR(AND(E111<>"",NOT(ISNUMBER(E111))),AND(F111<>"",NOT(ISNUMBER(F111)))),"標準非數值",IF(AND(J111="已核對",OR(K111="",NOT(ISNUMBER(L111)),NOT(ISNUMBER(G111)))),"缺核對資料","OK"))))))
A112: TW-GW1-20251223 | B112: 地下水 | C112: 氨氮 | D112: mg/L | F112: 0.05 | G112: 41640 | I112: 地下水管制§4(2025-12-23)／監測§4(2013-12-18)；地下水第1類；僅有監測值，未訂管制值。 | J112: 已核對 | K112: 官方條文核對（自動） | L112: 46297 | M112: =IF(OR(A112="",B112="",C112=""),"",A112&"|"&B112&"|"&C112) | N112: =IF(COUNTA(A112:L112)=0,"",IF(OR(A112="",B112="",C112="",D112="",I112="",J112=""),"缺必要欄位",IF(COUNTIFS(DB_05[標準鍵],M112)>1,"標準鍵重複",IF(AND(G112<>"",H112<>"",G112>H112),"日期起迄錯誤",IF(OR(AND(E112<>"",NOT(ISNUMBER(E112))),AND(F112<>"",NOT(ISNUMBER(F112)))),"標準非數值",IF(AND(J112="已核對",OR(K112="",NOT(ISNUMBER(L112)),NOT(ISNUMBER(G112)))),"缺核對資料","OK"))))))
A113: TW-GW2-20251223 | B113: 地下水 | C113: 氨氮 | D113: mg/L | F113: 0.25 | G113: 41640 | I113: 地下水管制§4(2025-12-23)／監測§4(2013-12-18)；地下水第2類；僅有監測值，未訂管制值。 | J113: 已核對 | K113: 官方條文核對（自動） | L113: 46297 | M113: =IF(OR(A113="",B113="",C113=""),"",A113&"|"&B113&"|"&C113) | N113: =IF(COUNTA(A113:L113)=0,"",IF(OR(A113="",B113="",C113="",D113="",I113="",J113=""),"缺必要欄位",IF(COUNTIFS(DB_05[標準鍵],M113)>1,"標準鍵重複",IF(AND(G113<>"",H113<>"",G113>H113),"日期起迄錯誤",IF(OR(AND(E113<>"",NOT(ISNUMBER(E113))),AND(F113<>"",NOT(ISNUMBER(F113)))),"標準非數值",IF(AND(J113="已核對",OR(K113="",NOT(ISNUMBER(L113)),NOT(ISNUMBER(G113)))),"缺核對資料","OK"))))))
... A119: TW-GW2-20251223 | B119: 地下水 | C119: 總酚 | D119: mg/L | F119: 0.14 | G119: 41640 | I119: 地下水管制§4(2025-12-23)／監測§4(2013-12-18)；地下水第2類；僅有監測值，未訂管制值。 | J119: 已核對 | K119: 官方條文核對（自動） | L119: 46297 | M119: =IF(OR(A119="",B119="",C119=""),"",A119&"|"&B119&"|"&C119) | N119: =IF(COUNTA(A119:L119)=0,"",IF(OR(A119="",B119="",C119="",D119="",I119="",J119=""),"缺必要欄位",IF(COUNTIFS(DB_05[標準鍵],M119)>1,"標準鍵重複",IF(AND(G119<>"",H119<>"",G119>H119),"日期起迄錯誤",IF(OR(AND(E119<>"",NOT(ISNUMBER(E119))),AND(F119<>"",NOT(ISNUMBER(F119)))),"標準非數值",IF(AND(J119="已核對",OR(K119="",NOT(ISNUMBER(L119)),NOT(ISNUMBER(G119)))),"缺核對資料","OK"))))))
A120: TW-SOIL-20110131 | B120: 土壤 | C120: 砷 | D120: mg/kg | E120: 60 | F120: 30 | G120: 40574 | I120: 土壤管制§5／監測§4(2011-01-31)；一般土壤；食用作物農地須改選農地版本。濃度以土壤乾基計。 | J120: 已核對 | K120: 官方條文核對（自動） | L120: 46297 | M120: =IF(OR(A120="",B120="",C120=""),"",A120&"|"&B120&"|"&C120) | N120: =IF(COUNTA(A120:L120)=0,"",IF(OR(A120="",B120="",C120="",D120="",I120="",J120=""),"缺必要欄位",IF(COUNTIFS(DB_05[標準鍵],M120)>1,"標準鍵重複",IF(AND(G120<>"",H120<>"",G120>H120),"日期起迄錯誤",IF(OR(AND(E120<>"",NOT(ISNUMBER(E120))),AND(F120<>"",NOT(ISNUMBER(F120)))),"標準非數值",IF(AND(J120="已核對",OR(K120="",NOT(ISNUMBER(L120)),NOT(ISNUMBER(G120)))),"缺核對資料","OK"))))))
A121: TW-SOIL-FOOD-20110131 | B121: 土壤 | C121: 砷 | D121: mg/kg | E121: 60 | F121: 30 | G121: 40574 | I121: 土壤管制§5／監測§4(2011-01-31)；食用作物農地。濃度以土壤乾基計。 | J121: 已核對 | K121: 官方條文核對（自動） | L121: 46297 | M121: =IF(OR(A121="",B121="",C121=""),"",A121&"|"&B121&"|"&C121) | N121: =IF(COUNTA(A121:L121)=0,"",IF(OR(A121="",B121="",C121="",D121="",I121="",J121=""),"缺必要欄位",IF(COUNTIFS(DB_05[標準鍵],M121)>1,"標準鍵重複",IF(AND(G121<>"",H121<>"",G121>H121),"日期起迄錯誤",IF(OR(AND(E121<>"",NOT(ISNUMBER(E121))),AND(F121<>"",NOT(ISNUMBER(F121)))),"標準非數值",IF(AND(J121="已核對",OR(K121="",NOT(ISNUMBER(L121)),NOT(ISNUMBER(G121)))),"缺核對資料","OK"))))))
A122: TW-SOIL-20110131 | B122: 土壤 | C122: 鎘 | D122: mg/kg | E122: 20 | F122: 10 | G122: 40574 | I122: 土壤管制§5／監測§4(2011-01-31)；一般土壤；食用作物農地須改選農地版本。濃度以土壤乾基計。 | J122: 已核對 | K122: 官方條文核對（自動） | L122: 46297 | M122: =IF(OR(A122="",B122="",C122=""),"",A122&"|"&B122&"|"&C122) | N122: =IF(COUNTA(A122:L122)=0,"",IF(OR(A122="",B122="",C122="",D122="",I122="",J122=""),"缺必要欄位",IF(COUNTIFS(DB_05[標準鍵],M122)>1,"標準鍵重複",IF(AND(G122<>"",H122<>"",G122>H122),"日期起迄錯誤",IF(OR(AND(E122<>"",NOT(ISNUMBER(E122))),AND(F122<>"",NOT(ISNUMBER(F122)))),"標準非數值",IF(AND(J122="已核對",OR(K122="",NOT(ISNUMBER(L122)),NOT(ISNUMBER(G122)))),"缺核對資料","OK"))))))
A123: TW-SOIL-FOOD-20110131 | B123: 土壤 | C123: 鎘 | D123: mg/kg | E123: 5 | F123: 2.5 | G123: 40574 | I123: 土壤管制§5／監測§4(2011-01-31)；食用作物農地。濃度以土壤乾基計。 | J123: 已核對 | K123: 官方條文核對（自動） | L123: 46297 | M123: =IF(OR(A123="",B123="",C123=""),"",A123&"|"&B123&"|"&C123) | N123: =IF(COUNTA(A123:L123)=0,"",IF(OR(A123="",B123="",C123="",D123="",I123="",J123=""),"缺必要欄位",IF(COUNTIFS(DB_05[標準鍵],M123)>1,"標準鍵重複",IF(AND(G123<>"",H123<>"",G123>H123),"日期起迄錯誤",IF(OR(AND(E123<>"",NOT(ISNUMBER(E123))),AND(F123<>"",NOT(ISNUMBER(F123)))),"標準非數值",IF(AND(J123="已核對",OR(K123="",NOT(ISNUMBER(L123)),NOT(ISNUMBER(G123)))),"缺核對資料","OK"))))))
A124: TW-SOIL-20110131 | B124: 土壤 | C124: 鉻 | D124: mg/kg | E124: 250 | F124: 175 | G124: 40574 | I124: 土壤管制§5／監測§4(2011-01-31)；一般土壤；食用作物農地須改選農地版本。濃度以土壤乾基計。 | J124: 已核對 | K124: 官方條文核對（自動） | L124: 46297 | M124: =IF(OR(A124="",B124="",C124=""),"",A124&"|"&B124&"|"&C124) | N124: =IF(COUNTA(A124:L124)=0,"",IF(OR(A124="",B124="",C124="",D124="",I124="",J124=""),"缺必要欄位",IF(COUNTIFS(DB_05[標準鍵],M124)>1,"標準鍵重複",IF(AND(G124<>"",H124<>"",G124>H124),"日期起迄錯誤",IF(OR(AND(E124<>"",NOT(ISNUMBER(E124))),AND(F124<>"",NOT(ISNUMBER(F124)))),"標準非數值",IF(AND(J124="已核對",OR(K124="",NOT(ISNUMBER(L124)),NOT(ISNUMBER(G124)))),"缺核對資料","OK"))))))
A125: TW-SOIL-FOOD-20110131 | B125: 土壤 | C125: 鉻 | D125: mg/kg | E125: 250 | F125: 175 | G125: 40574 | I125: 土壤管制§5／監測§4(2011-01-31)；食用作物農地。濃度以土壤乾基計。 | J125: 已核對 | K125: 官方條文核對（自動） | L125: 46297 | M125: =IF(OR(A125="",B125="",C125=""),"",A125&"|"&B125&"|"&C125) | N125: =IF(COUNTA(A125:L125)=0,"",IF(OR(A125="",B125="",C125="",D125="",I125="",J125=""),"缺必要欄位",IF(COUNTIFS(DB_05[標準鍵],M125)>1,"標準鍵重複",IF(AND(G125<>"",H125<>"",G125>H125),"日期起迄錯誤",IF(OR(AND(E125<>"",NOT(ISNUMBER(E125))),AND(F125<>"",NOT(ISNUMBER(F125)))),"標準非數值",IF(AND(J125="已核對",OR(K125="",NOT(ISNUMBER(L125)),NOT(ISNUMBER(G125)))),"缺核對資料","OK"))))))
A126: TW-SOIL-20110131 | B126: 土壤 | C126: 銅 | D126: mg/kg | E126: 400 | F126: 220 | G126: 40574 | I126: 土壤管制§5／監測§4(2011-01-31)；一般土壤；食用作物農地須改選農地版本。濃度以土壤乾基計。 | J126: 已核對 | K126: 官方條文核對（自動） | L126: 46297 | M126: =IF(OR(A126="",B126="",C126=""),"",A126&"|"&B126&"|"&C126) | N126: =IF(COUNTA(A126:L126)=0,"",IF(OR(A126="",B126="",C126="",D126="",I126="",J126=""),"缺必要欄位",IF(COUNTIFS(DB_05[標準鍵],M126)>1,"標準鍵重複",IF(AND(G126<>"",H126<>"",G126>H126),"日期起迄錯誤",IF(OR(AND(E126<>"",NOT(ISNUMBER(E126))),AND(F126<>"",NOT(ISNUMBER(F126)))),"標準非數值",IF(AND(J126="已核對",OR(K126="",NOT(ISNUMBER(L126)),NOT(ISNUMBER(G126)))),"缺核對資料","OK"))))))
A127: TW-SOIL-FOOD-20110131 | B127: 土壤 | C127: 銅 | D127: mg/kg | E127: 200 | F127: 120 | G127: 40574 | I127: 土壤管制§5／監測§4(2011-01-31)；食用作物農地。濃度以土壤乾基計。 | J127: 已核對 | K127: 官方條文核對（自動） | L127: 46297 | M127: =IF(OR(A127="",B127="",C127=""),"",A127&"|"&B127&"|"&C127) | N127: =IF(COUNTA(A127:L127)=0,"",IF(OR(A127="",B127="",C127="",D127="",I127="",J127=""),"缺必要欄位",IF(COUNTIFS(DB_05[標準鍵],M127)>1,"標準鍵重複",IF(AND(G127<>"",H127<>"",G127>H127),"日期起迄錯誤",IF(OR(AND(E127<>"",NOT(ISNUMBER(E127))),AND(F127<>"",NOT(ISNUMBER(F127)))),"標準非數值",IF(AND(J127="已核對",OR(K127="",NOT(ISNUMBER(L127)),NOT(ISNUMBER(G127)))),"缺核對資料","OK"))))))
A128: TW-SOIL-20110131 | B128: 土壤 | C128: 汞 | D128: mg/kg | E128: 20 | F128: 10 | G128: 40574 | I128: 土壤管制§5／監測§4(2011-01-31)；一般土壤；食用作物農地須改選農地版本。濃度以土壤乾基計。 | J128: 已核對 | K128: 官方條文核對（自動） | L128: 46297 | M128: =IF(OR(A128="",B128="",C128=""),"",A128&"|"&B128&"|"&C128) | N128: =IF(COUNTA(A128:L128)=0,"",IF(OR(A128="",B128="",C128="",D128="",I128="",J128=""),"缺必要欄位",IF(COUNTIFS(DB_05[標準鍵],M128)>1,"標準鍵重複",IF(AND(G128<>"",H128<>"",G128>H128),"日期起迄錯誤",IF(OR(AND(E128<>"",NOT(ISNUMBER(E128))),AND(F128<>"",NOT(ISNUMBER(F128)))),"標準非數值",IF(AND(J128="已核對",OR(K128="",NOT(ISNUMBER(L128)),NOT(ISNUMBER(G128)))),"缺核對資料","OK"))))))
A129: TW-SOIL-FOOD-20110131 | B129: 土壤 | C129: 汞 | D129: mg/kg | E129: 5 | F129: 2 | G129: 40574 | I129: 土壤管制§5／監測§4(2011-01-31)；食用作物農地。濃度以土壤乾基計。 | J129: 已核對 | K129: 官方條文核對（自動） | L129: 46297 | M129: =IF(OR(A129="",B129="",C129=""),"",A129&"|"&B129&"|"&C129) | N129: =IF(COUNTA(A129:L129)=0,"",IF(OR(A129="",B129="",C129="",D129="",I129="",J129=""),"缺必要欄位",IF(COUNTIFS(DB_05[標準鍵],M129)>1,"標準鍵重複",IF(AND(G129<>"",H129<>"",G129>H129),"日期起迄錯誤",IF(OR(AND(E129<>"",NOT(ISNUMBER(E129))),AND(F129<>"",NOT(ISNUMBER(F129)))),"標準非數值",IF(AND(J129="已核對",OR(K129="",NOT(ISNUMBER(L129)),NOT(ISNUMBER(G129)))),"缺核對資料","OK"))))))
A130: TW-SOIL-20110131 | B130: 土壤 | C130: 鎳 | D130: mg/kg | E130: 200 | F130: 130 | G130: 40574 | I130: 土壤管制§5／監測§4(2011-01-31)；一般土壤；食用作物農地須改選農地版本。濃度以土壤乾基計。 | J130: 已核對 | K130: 官方條文核對（自動） | L130: 46297 | M130: =IF(OR(A130="",B130="",C130=""),"",A130&"|"&B130&"|"&C130) | N130: =IF(COUNTA(A130:L130)=0,"",IF(OR(A130="",B130="",C130="",D130="",I130="",J130=""),"缺必要欄位",IF(COUNTIFS(DB_05[標準鍵],M130)>1,"標準鍵重複",IF(AND(G130<>"",H130<>"",G130>H130),"日期起迄錯誤",IF(OR(AND(E130<>"",NOT(ISNUMBER(E130))),AND(F130<>"",NOT(ISNUMBER(F130)))),"標準非數值",IF(AND(J130="已核對",OR(K130="",NOT(ISNUMBER(L130)),NOT(ISNUMBER(G130)))),"缺核對資料","OK"))))))
A131: TW-SOIL-FOOD-20110131 | B131: 土壤 | C131: 鎳 | D131: mg/kg | E131: 200 | F131: 130 | G131: 40574 | I131: 土壤管制§5／監測§4(2011-01-31)；食用作物農地。濃度以土壤乾基計。 | J131: 已核對 | K131: 官方條文核對（自動） | L131: 46297 | M131: =IF(OR(A131="",B131="",C131=""),"",A131&"|"&B131&"|"&C131) | N131: =IF(COUNTA(A131:L131)=0,"",IF(OR(A131="",B131="",C131="",D131="",I131="",J131=""),"缺必要欄位",IF(COUNTIFS(DB_05[標準鍵],M131)>1,"標準鍵重複",IF(AND(G131<>"",H131<>"",G131>H131),"日期起迄錯誤",IF(OR(AND(E131<>"",NOT(ISNUMBER(E131))),AND(F131<>"",NOT(ISNUMBER(F131)))),"標準非數值",IF(AND(J131="已核對",OR(K131="",NOT(ISNUMBER(L131)),NOT(ISNUMBER(G131)))),"缺核對資料","OK"))))))
... A135: TW-SOIL-FOOD-20110131 | B135: 土壤 | C135: 鋅 | D135: mg/kg | E135: 600 | F135: 260 | G135: 40574 | I135: 土壤管制§5／監測§4(2011-01-31)；食用作物農地。濃度以土壤乾基計。 | J135: 已核對 | K135: 官方條文核對（自動） | L135: 46297 | M135: =IF(OR(A135="",B135="",C135=""),"",A135&"|"&B135&"|"&C135) | N135: =IF(COUNTA(A135:L135)=0,"",IF(OR(A135="",B135="",C135="",D135="",I135="",J135=""),"缺必要欄位",IF(COUNTIFS(DB_05[標準鍵],M135)>1,"標準鍵重複",IF(AND(G135<>"",H135<>"",G135>H135),"日期起迄錯誤",IF(OR(AND(E135<>"",NOT(ISNUMBER(E135))),AND(F135<>"",NOT(ISNUMBER(F135)))),"標準非數值",IF(AND(J135="已核對",OR(K135="",NOT(ISNUMBER(L135)),NOT(ISNUMBER(G135)))),"缺核對資料","OK"))))))
A136: TW-SOIL-20110131 | B136: 土壤 | C136: 苯 | D136: mg/kg | E136: 5 | G136: 40574 | I136: 土壤管制§5／監測§4(2011-01-31)；一般土壤；食用作物農地須改選農地版本。濃度以土壤乾基計。 | J136: 已核對 | K136: 官方條文核對（自動） | L136: 46297 | M136: =IF(OR(A136="",B136="",C136=""),"",A136&"|"&B136&"|"&C136) | N136: =IF(COUNTA(A136:L136)=0,"",IF(OR(A136="",B136="",C136="",D136="",I136="",J136=""),"缺必要欄位",IF(COUNTIFS(DB_05[標準鍵],M136)>1,"標準鍵重複",IF(AND(G136<>"",H136<>"",G136>H136),"日期起迄錯誤",IF(OR(AND(E136<>"",NOT(ISNUMBER(E136))),AND(F136<>"",NOT(ISNUMBER(F136)))),"標準非數值",IF(AND(J136="已核對",OR(K136="",NOT(ISNUMBER(L136)),NOT(ISNUMBER(G136)))),"缺核對資料","OK"))))))
A137: TW-SOIL-FOOD-20110131 | B137: 土壤 | C137: 苯 | D137: mg/kg | E137: 5 | G137: 40574 | I137: 土壤管制§5／監測§4(2011-01-31)；食用作物農地。濃度以土壤乾基計。 | J137: 已核對 | K137: 官方條文核對（自動） | L137: 46297 | M137: =IF(OR(A137="",B137="",C137=""),"",A137&"|"&B137&"|"&C137) | N137: =IF(COUNTA(A137:L137)=0,"",IF(OR(A137="",B137="",C137="",D137="",I137="",J137=""),"缺必要欄位",IF(COUNTIFS(DB_05[標準鍵],M137)>1,"標準鍵重複",IF(AND(G137<>"",H137<>"",G137>H137),"日期起迄錯誤",IF(OR(AND(E137<>"",NOT(ISNUMBER(E137))),AND(F137<>"",NOT(ISNUMBER(F137)))),"標準非數值",IF(AND(J137="已核對",OR(K137="",NOT(ISNUMBER(L137)),NOT(ISNUMBER(G137)))),"缺核對資料","OK"))))))
A138: TW-SOIL-20110131 | B138: 土壤 | C138: 四氯化碳 | D138: mg/kg | E138: 5 | G138: 40574 | I138: 土壤管制§5／監測§4(2011-01-31)；一般土壤；食用作物農地須改選農地版本。濃度以土壤乾基計。 | J138: 已核對 | K138: 官方條文核對（自動） | L138: 46297 | M138: =IF(OR(A138="",B138="",C138=""),"",A138&"|"&B138&"|"&C138) | N138: =IF(COUNTA(A138:L138)=0,"",IF(OR(A138="",B138="",C138="",D138="",I138="",J138=""),"缺必要欄位",IF(COUNTIFS(DB_05[標準鍵],M138)>1,"標準鍵重複",IF(AND(G138<>"",H138<>"",G138>H138),"日期起迄錯誤",IF(OR(AND(E138<>"",NOT(ISNUMBER(E138))),AND(F138<>"",NOT(ISNUMBER(F138)))),"標準非數值",IF(AND(J138="已核對",OR(K138="",NOT(ISNUMBER(L138)),NOT(ISNUMBER(G138)))),"缺核對資料","OK"))))))
A139: TW-SOIL-FOOD-20110131 | B139: 土壤 | C139: 四氯化碳 | D139: mg/kg | E139: 5 | G139: 40574 | I139: 土壤管制§5／監測§4(2011-01-31)；食用作物農地。濃度以土壤乾基計。 | J139: 已核對 | K139: 官方條文核對（自動） | L139: 46297 | M139: =IF(OR(A139="",B139="",C139=""),"",A139&"|"&B139&"|"&C139) | N139: =IF(COUNTA(A139:L139)=0,"",IF(OR(A139="",B139="",C139="",D139="",I139="",J139=""),"缺必要欄位",IF(COUNTIFS(DB_05[標準鍵],M139)>1,"標準鍵重複",IF(AND(G139<>"",H139<>"",G139>H139),"日期起迄錯誤",IF(OR(AND(E139<>"",NOT(ISNUMBER(E139))),AND(F139<>"",NOT(ISNUMBER(F139)))),"標準非數值",IF(AND(J139="已核對",OR(K139="",NOT(ISNUMBER(L139)),NOT(ISNUMBER(G139)))),"缺核對資料","OK"))))))
A140: TW-SOIL-20110131 | B140: 土壤 | C140: 氯仿 | D140: mg/kg | E140: 100 | G140: 40574 | I140: 土壤管制§5／監測§4(2011-01-31)；一般土壤；食用作物農地須改選農地版本。濃度以土壤乾基計。 | J140: 已核對 | K140: 官方條文核對（自動） | L140: 46297 | M140: =IF(OR(A140="",B140="",C140=""),"",A140&"|"&B140&"|"&C140) | N140: =IF(COUNTA(A140:L140)=0,"",IF(OR(A140="",B140="",C140="",D140="",I140="",J140=""),"缺必要欄位",IF(COUNTIFS(DB_05[標準鍵],M140)>1,"標準鍵重複",IF(AND(G140<>"",H140<>"",G140>H140),"日期起迄錯誤",IF(OR(AND(E140<>"",NOT(ISNUMBER(E140))),AND(F140<>"",NOT(ISNUMBER(F140)))),"標準非數值",IF(AND(J140="已核對",OR(K140="",NOT(ISNUMBER(L140)),NOT(ISNUMBER(G140)))),"缺核對資料","OK"))))))
A141: TW-SOIL-FOOD-20110131 | B141: 土壤 | C141: 氯仿 | D141: mg/kg | E141: 100 | G141: 40574 | I141: 土壤管制§5／監測§4(2011-01-31)；食用作物農地。濃度以土壤乾基計。 | J141: 已核對 | K141: 官方條文核對（自動） | L141: 46297 | M141: =IF(OR(A141="",B141="",C141=""),"",A141&"|"&B141&"|"&C141) | N141: =IF(COUNTA(A141:L141)=0,"",IF(OR(A141="",B141="",C141="",D141="",I141="",J141=""),"缺必要欄位",IF(COUNTIFS(DB_05[標準鍵],M141)>1,"標準鍵重複",IF(AND(G141<>"",H141<>"",G141>H141),"日期起迄錯誤",IF(OR(AND(E141<>"",NOT(ISNUMBER(E141))),AND(F141<>"",NOT(ISNUMBER(F141)))),"標準非數值",IF(AND(J141="已核對",OR(K141="",NOT(ISNUMBER(L141)),NOT(ISNUMBER(G141)))),"缺核對資料","OK"))))))
A142: TW-SOIL-20110131 | B142: 土壤 | C142: 1,2-二氯乙烷 | D142: mg/kg | E142: 8 | G142: 40574 | I142: 土壤管制§5／監測§4(2011-01-31)；一般土壤；食用作物農地須改選農地版本。濃度以土壤乾基計。 | J142: 已核對 | K142: 官方條文核對（自動） | L142: 46297 | M142: =IF(OR(A142="",B142="",C142=""),"",A142&"|"&B142&"|"&C142) | N142: =IF(COUNTA(A142:L142)=0,"",IF(OR(A142="",B142="",C142="",D142="",I142="",J142=""),"缺必要欄位",IF(COUNTIFS(DB_05[標準鍵],M142)>1,"標準鍵重複",IF(AND(G142<>"",H142<>"",G142>H142),"日期起迄錯誤",IF(OR(AND(E142<>"",NOT(ISNUMBER(E142))),AND(F142<>"",NOT(ISNUMBER(F142)))),"標準非數值",IF(AND(J142="已核對",OR(K142="",NOT(ISNUMBER(L142)),NOT(ISNUMBER(G142)))),"缺核對資料","OK"))))))
A143: TW-SOIL-FOOD-20110131 | B143: 土壤 | C143: 1,2-二氯乙烷 | D143: mg/kg | E143: 8 | G143: 40574 | I143: 土壤管制§5／監測§4(2011-01-31)；食用作物農地。濃度以土壤乾基計。 | J143: 已核對 | K143: 官方條文核對（自動） | L143: 46297 | M143: =IF(OR(A143="",B143="",C143=""),"",A143&"|"&B143&"|"&C143) | N143: =IF(COUNTA(A143:L143)=0,"",IF(OR(A143="",B143="",C143="",D143="",I143="",J143=""),"缺必要欄位",IF(COUNTIFS(DB_05[標準鍵],M143)>1,"標準鍵重複",IF(AND(G143<>"",H143<>"",G143>H143),"日期起迄錯誤",IF(OR(AND(E143<>"",NOT(ISNUMBER(E143))),AND(F143<>"",NOT(ISNUMBER(F143)))),"標準非數值",IF(AND(J143="已核對",OR(K143="",NOT(ISNUMBER(L143)),NOT(ISNUMBER(G143)))),"缺核對資料","OK"))))))
A144: TW-SOIL-20110131 | B144: 土壤 | C144: 順-1,2-二氯乙烯 | D144: mg/kg | E144: 7 | G144: 40574 | I144: 土壤管制§5／監測§4(2011-01-31)；一般土壤；食用作物農地須改選農地版本。濃度以土壤乾基計。 | J144: 已核對 | K144: 官方條文核對（自動） | L144: 46297 | M144: =IF(OR(A144="",B144="",C144=""),"",A144&"|"&B144&"|"&C144) | N144: =IF(COUNTA(A144:L144)=0,"",IF(OR(A144="",B144="",C144="",D144="",I144="",J144=""),"缺必要欄位",IF(COUNTIFS(DB_05[標準鍵],M144)>1,"標準鍵重複",IF(AND(G144<>"",H144<>"",G144>H144),"日期起迄錯誤",IF(OR(AND(E144<>"",NOT(ISNUMBER(E144))),AND(F144<>"",NOT(ISNUMBER(F144)))),"標準非數值",IF(AND(J144="已核對",OR(K144="",NOT(ISNUMBER(L144)),NOT(ISNUMBER(G144)))),"缺核對資料","OK"))))))
A145: TW-SOIL-FOOD-20110131 | B145: 土壤 | C145: 順-1,2-二氯乙烯 | D145: mg/kg | E145: 7 | G145: 40574 | I145: 土壤管制§5／監測§4(2011-01-31)；食用作物農地。濃度以土壤乾基計。 | J145: 已核對 | K145: 官方條文核對（自動） | L145: 46297 | M145: =IF(OR(A145="",B145="",C145=""),"",A145&"|"&B145&"|"&C145) | N145: =IF(COUNTA(A145:L145)=0,"",IF(OR(A145="",B145="",C145="",D145="",I145="",J145=""),"缺必要欄位",IF(COUNTIFS(DB_05[標準鍵],M145)>1,"標準鍵重複",IF(AND(G145<>"",H145<>"",G145>H145),"日期起迄錯誤",IF(OR(AND(E145<>"",NOT(ISNUMBER(E145))),AND(F145<>"",NOT(ISNUMBER(F145)))),"標準非數值",IF(AND(J145="已核對",OR(K145="",NOT(ISNUMBER(L145)),NOT(ISNUMBER(G145)))),"缺核對資料","OK"))))))
A146: TW-SOIL-20110131 | B146: 土壤 | C146: 反-1,2-二氯乙烯 | D146: mg/kg | E146: 50 | G146: 40574 | I146: 土壤管制§5／監測§4(2011-01-31)；一般土壤；食用作物農地須改選農地版本。濃度以土壤乾基計。 | J146: 已核對 | K146: 官方條文核對（自動） | L146: 46297 | M146: =IF(OR(A146="",B146="",C146=""),"",A146&"|"&B146&"|"&C146) | N146: =IF(COUNTA(A146:L146)=0,"",IF(OR(A146="",B146="",C146="",D146="",I146="",J146=""),"缺必要欄位",IF(COUNTIFS(DB_05[標準鍵],M146)>1,"標準鍵重複",IF(AND(G146<>"",H146<>"",G146>H146),"日期起迄錯誤",IF(OR(AND(E146<>"",NOT(ISNUMBER(E146))),AND(F146<>"",NOT(ISNUMBER(F146)))),"標準非數值",IF(AND(J146="已核對",OR(K146="",NOT(ISNUMBER(L146)),NOT(ISNUMBER(G146)))),"缺核對資料","OK"))))))
A147: TW-SOIL-FOOD-20110131 | B147: 土壤 | C147: 反-1,2-二氯乙烯 | D147: mg/kg | E147: 50 | G147: 40574 | I147: 土壤管制§5／監測§4(2011-01-31)；食用作物農地。濃度以土壤乾基計。 | J147: 已核對 | K147: 官方條文核對（自動） | L147: 46297 | M147: =IF(OR(A147="",B147="",C147=""),"",A147&"|"&B147&"|"&C147) | N147: =IF(COUNTA(A147:L147)=0,"",IF(OR(A147="",B147="",C147="",D147="",I147="",J147=""),"缺必要欄位",IF(COUNTIFS(DB_05[標準鍵],M147)>1,"標準鍵重複",IF(AND(G147<>"",H147<>"",G147>H147),"日期起迄錯誤",IF(OR(AND(E147<>"",NOT(ISNUMBER(E147))),AND(F147<>"",NOT(ISNUMBER(F147)))),"標準非數值",IF(AND(J147="已核對",OR(K147="",NOT(ISNUMBER(L147)),NOT(ISNUMBER(G147)))),"缺核對資料","OK"))))))
... A197: TW-SOIL-FOOD-20110131 | B197: 土壤 | C197: 多氯聯苯 | D197: mg/kg | E197: 0.09 | G197: 40574 | I197: 土壤管制§5／監測§4(2011-01-31)；食用作物農地。濃度以土壤乾基計。 | J197: 已核對 | K197: 官方條文核對（自動） | L197: 46297 | M197: =IF(OR(A197="",B197="",C197=""),"",A197&"|"&B197&"|"&C197) | N197: =IF(COUNTA(A197:L197)=0,"",IF(OR(A197="",B197="",C197="",D197="",I197="",J197=""),"缺必要欄位",IF(COUNTIFS(DB_05[標準鍵],M197)>1,"標準鍵重複",IF(AND(G197<>"",H197<>"",G197>H197),"日期起迄錯誤",IF(OR(AND(E197<>"",NOT(ISNUMBER(E197))),AND(F197<>"",NOT(ISNUMBER(F197)))),"標準非數值",IF(AND(J197="已核對",OR(K197="",NOT(ISNUMBER(L197)),NOT(ISNUMBER(G197)))),"缺核對資料","OK"))))))
A198: TW-GW1-20251223 | B198: 地下水 | C198: 三氯甲烷(氯仿) | D198: mg/L | E198: 0.1 | F198: 0.05 | G198: 41640 | I198: 地下水管制§4(2025-12-23)／監測§4(2013-12-18)；地下水第1類；管制第4條、監測第4條。2025修法刪除砷備註，數值門檻未變，2014-01-01起相同。來源名稱三氯甲烷(氯仿)對應法規氯仿。 | J198: 已核對 | K198: 官方條文核對（自動） | L198: 46297 | M198: =IF(OR(A198="",B198="",C198=""),"",A198&"|"&B198&"|"&C198) | N198: =IF(COUNTA(A198:L198)=0,"",IF(OR(A198="",B198="",C198="",D198="",I198="",J198=""),"缺必要欄位",IF(COUNTIFS(DB_05[標準鍵],M198)>1,"標準鍵重複",IF(AND(G198<>"",H198<>"",G198>H198),"日期起迄錯誤",IF(OR(AND(E198<>"",NOT(ISNUMBER(E198))),AND(F198<>"",NOT(ISNUMBER(F198)))),"標準非數值",IF(AND(J198="已核對",OR(K198="",NOT(ISNUMBER(L198)),NOT(ISNUMBER(G198)))),"缺核對資料","OK"))))))
A199: TW-GW2-20251223 | B199: 地下水 | C199: 三氯甲烷(氯仿) | D199: mg/L | E199: 1 | F199: 0.5 | G199: 41640 | I199: 地下水管制§4(2025-12-23)／監測§4(2013-12-18)；地下水第2類；管制第4條、監測第4條。2025修法刪除砷備註，數值門檻未變，2014-01-01起相同。來源名稱三氯甲烷(氯仿)對應法規氯仿。 | J199: 已核對 | K199: 官方條文核對（自動） | L199: 46297 | M199: =IF(OR(A199="",B199="",C199=""),"",A199&"|"&B199&"|"&C199) | N199: =IF(COUNTA(A199:L199)=0,"",IF(OR(A199="",B199="",C199="",D199="",I199="",J199=""),"缺必要欄位",IF(COUNTIFS(DB_05[標準鍵],M199)>1,"標準鍵重複",IF(AND(G199<>"",H199<>"",G199>H199),"日期起迄錯誤",IF(OR(AND(E199<>"",NOT(ISNUMBER(E199))),AND(F199<>"",NOT(ISNUMBER(F199)))),"標準非數值",IF(AND(J199="已核對",OR(K199="",NOT(ISNUMBER(L199)),NOT(ISNUMBER(G199)))),"缺核對資料","OK"))))))
